1692897051,184,error,CredentialsManager::load_credentials() - CredentialsManager config file /etc/bes/credentials.conf was specified but is not present.1692897052,184,timing,elapsed_us,693005,start_us,1692897051930991,stop_us,1692897052623996,-,RemoteResource::get_url() - source url: https://cmr.uat.earthdata.nasa.gov/search/granules.umm_json_v1_4?collection_concept_id=C1225808238-GES_DISC&granule_ur=GPM_3IMERGHH.06%3A3B-HHR.MS.MRG.3IMERG.20210930-S000000-E002959.0000.V06B.HDF5
1692899472,184,error,ERROR: BES User Syntax Error: This dataset contains variables and/or attributes whose data types are not compatible with the 
1692899617,184,error,ERROR: BES User Syntax Error: This dataset contains variables and/or attributes whose data types are not compatible with the 
1692900386,184,error,ERROR: BES User Syntax Error: This dataset contains variables and/or attributes whose data types are not compatible with the 
1692920353,184,error,ERROR: BES Internal Error: Failed to acquire byte buffer from which to read string array data. (DmrppArray.cc:1727), current memory usage is 7643008 KB.
1692920896,184,error,ERROR - The HTTP GET request for the source URL: https://d16xwb4cnl582v.cloudfront.net/podaac-swot-sit-cumulus-protected/SWOT_L2_LR_SSH_1.0/SWOT_L2_LR_SSH_Basic_548_014_20230610T213435_20230610T222014_PIA1_01.nc.dmrpp FAILED. CURLINFO_EFFECTIVE_URL: https://d16xwb4cnl582v.cloudfront.net/podaac-swot-sit-cumulus-protected/SWOT_L2_LR_SSH_1.0/SWOT_L2_LR_SSH_Basic_548_014_20230610T213435_20230610T222014_PIA1_01.nc.dmrpp The response had an HTTP status of 403 which means Forbidden: Contact the server administrator.
1692920896,184,error,ERROR: BES Forbidden Error: ERROR - The HTTP GET request for the source URL: https://d16xwb4cnl582v.cloudfront.net/podaac-swot-sit-cumulus-protected/SWOT_L2_LR_SSH_1.0/SWOT_L2_LR_SSH_Basic_548_014_20230610T213435_20230610T222014_PIA1_01.nc.dmrpp FAILED. CURLINFO_EFFECTIVE_URL: https://d16xwb4cnl582v.cloudfront.net/podaac-swot-sit-cumulus-protected/SWOT_L2_LR_SSH_1.0/SWOT_L2_LR_SSH_Basic_548_014_20230610T213435_20230610T222014_PIA1_01.nc.dmrpp The response had an HTTP status of 403 which means Forbidden: Contact the server administrator. (CurlUtils.cc:832), current memory usage is 7643008 KB.
1692924259,184,error,ERROR - The HTTP GET request for the source URL: https://d16xwb4cnl582v.cloudfront.net/podaac-swot-sit-cumulus-protected/SWOT_L2_RAD_IGDR_1.0/SWOT_IPRAD_2PaP002_026_20230811_234459_20230812_003634_PIA1_03.nc.dmrpp FAILED. CURLINFO_EFFECTIVE_URL: https://d16xwb4cnl582v.cloudfront.net/podaac-swot-sit-cumulus-protected/SWOT_L2_RAD_IGDR_1.0/SWOT_IPRAD_2PaP002_026_20230811_234459_20230812_003634_PIA1_03.nc.dmrpp The response had an HTTP status of 403 which means Forbidden: Contact the server administrator.
1692924259,184,error,ERROR: BES Forbidden Error: ERROR - The HTTP GET request for the source URL: https://d16xwb4cnl582v.cloudfront.net/podaac-swot-sit-cumulus-protected/SWOT_L2_RAD_IGDR_1.0/SWOT_IPRAD_2PaP002_026_20230811_234459_20230812_003634_PIA1_03.nc.dmrpp FAILED. CURLINFO_EFFECTIVE_URL: https://d16xwb4cnl582v.cloudfront.net/podaac-swot-sit-cumulus-protected/SWOT_L2_RAD_IGDR_1.0/SWOT_IPRAD_2PaP002_026_20230811_234459_20230812_003634_PIA1_03.nc.dmrpp The response had an HTTP status of 403 which means Forbidden: Contact the server administrator. (CurlUtils.cc:832), current memory usage is 7643008 KB.
1692924938,184,error,ERROR - The HTTP GET request for the source URL: https://d16xwb4cnl582v.cloudfront.net/podaac-swot-sit-cumulus-protected/SWOT_L2_RAD_IGDR_1.0/SWOT_IPRAD_2PaP002_026_20230811_234459_20230812_003634_PIA1_03.nc.dmrpp FAILED. CURLINFO_EFFECTIVE_URL: https://d16xwb4cnl582v.cloudfront.net/podaac-swot-sit-cumulus-protected/SWOT_L2_RAD_IGDR_1.0/SWOT_IPRAD_2PaP002_026_20230811_234459_20230812_003634_PIA1_03.nc.dmrpp The response had an HTTP status of 403 which means Forbidden: Contact the server administrator.
1692924938,184,error,ERROR: BES Forbidden Error: ERROR - The HTTP GET request for the source URL: https://d16xwb4cnl582v.cloudfront.net/podaac-swot-sit-cumulus-protected/SWOT_L2_RAD_IGDR_1.0/SWOT_IPRAD_2PaP002_026_20230811_234459_20230812_003634_PIA1_03.nc.dmrpp FAILED. CURLINFO_EFFECTIVE_URL: https://d16xwb4cnl582v.cloudfront.net/podaac-swot-sit-cumulus-protected/SWOT_L2_RAD_IGDR_1.0/SWOT_IPRAD_2PaP002_026_20230811_234459_20230812_003634_PIA1_03.nc.dmrpp The response had an HTTP status of 403 which means Forbidden: Contact the server administrator. (CurlUtils.cc:832), current memory usage is 7643008 KB.
1692926143,184,error,ERROR: BES Internal Error: Failed to acquire byte buffer from which to read string array data. (DmrppArray.cc:1727), current memory usage is 7643008 KB.
1692926990,184,error,ERROR: BES Internal Error: Failed to acquire byte buffer from which to read string array data. (DmrppArray.cc:1727), current memory usage is 7643008 KB.
1692992383,184,error,ERROR: BES Not Found Error: Failed to locate '/usr/share/hyrax/data/csv/catalog.xml' (BESUtil.cc:298), current memory usage is 7643008 KB.
1692992628,184,error,ERROR: BES Not Found Error: Failed to locate '/usr/share/hyrax/data/dapreader/dap4/catalog.xml' (BESUtil.cc:298), current memory usage is 7643008 KB.
1692992976,184,error,ERROR: BES Not Found Error: Failed to locate '/usr/share/hyrax/data/dmrpp/APIs/' (BESUtil.cc:298), current memory usage is 7643008 KB.
1692992976,184,error,ERROR: BES Not Found Error: Failed to locate '/usr/share/hyrax/data/ugrids/APIs/' (BESUtil.cc:298), current memory usage is 7643008 KB.
1692992977,184,error,ERROR: BES Not Found Error: Failed to locate '/usr/share/hyrax/data/hdf5/APIs/' (BESUtil.cc:298), current memory usage is 7643008 KB.
1692992977,184,error,ERROR: BES Not Found Error: Failed to locate '/usr/share/hyrax/data/ncml/agg/grids/APIs/' (BESUtil.cc:298), current memory usage is 7643008 KB.
1692992978,184,error,ERROR: BES Not Found Error: Failed to locate '/usr/share/hyrax/data/nc/service/' (BESUtil.cc:298), current memory usage is 7643008 KB.
1692992979,184,error,ERROR: BES Not Found Error: Failed to locate '/usr/share/hyrax/data/hdf5/service/' (BESUtil.cc:298), current memory usage is 7643008 KB.
1692992979,184,error,ERROR: BES Not Found Error: Failed to locate '/usr/share/hyrax/data/stare/service/' (BESUtil.cc:298), current memory usage is 7643008 KB.
1692992980,184,error,ERROR: BES Not Found Error: Failed to locate '/usr/share/hyrax/data/ncml/agg/grids/service/' (BESUtil.cc:298), current memory usage is 7643008 KB.
1692992981,184,error,ERROR: BES Not Found Error: Failed to locate '/usr/share/hyrax/data/ff/Service/' (BESUtil.cc:298), current memory usage is 7643008 KB.
1692992981,184,error,ERROR: BES Not Found Error: Failed to locate '/usr/share/hyrax/data/nc/Service/' (BESUtil.cc:298), current memory usage is 7643008 KB.
1692992982,184,error,ERROR: BES Not Found Error: Failed to locate '/usr/share/hyrax/data/ncml/agg/dated/Service/' (BESUtil.cc:298), current memory usage is 7643008 KB.
1692992984,184,error,ERROR: BES Not Found Error: Failed to locate '/usr/share/hyrax/data/nc/SERVICE/' (BESUtil.cc:298), current memory usage is 7643008 KB.
1692992984,184,error,ERROR: BES Not Found Error: Failed to locate '/usr/share/hyrax/data/stare/SERVICE/' (BESUtil.cc:298), current memory usage is 7643008 KB.
1692992985,184,error,ERROR: BES Not Found Error: Failed to locate '/usr/share/hyrax/data/ncml/dmrpp/SERVICE/' (BESUtil.cc:298), current memory usage is 7643008 KB.
1692992986,184,error,ERROR: BES Not Found Error: Failed to locate '/usr/share/hyrax/data/ncml/agg/dated/SERVICE/' (BESUtil.cc:298), current memory usage is 7643008 KB.
1692992987,184,error,ERROR: BES Not Found Error: Failed to locate '/usr/share/hyrax/data/gdal/WebService/' (BESUtil.cc:298), current memory usage is 7643008 KB.
1692992991,184,error,ERROR: BES Not Found Error: Failed to locate '/usr/share/hyrax/data/ncml/dmrpp/WebService/' (BESUtil.cc:298), current memory usage is 7643008 KB.
1692992992,184,error,ERROR: BES Not Found Error: Failed to locate '/usr/share/hyrax/data/ncml/agg/dated/WebService/' (BESUtil.cc:298), current memory usage is 7643008 KB.
1692993033,184,error,ERROR: BES Not Found Error: Failed to locate '/usr/share/hyrax/data/dmrpp/ws/' (BESUtil.cc:298), current memory usage is 7643008 KB.
1692993034,184,error,ERROR: BES Not Found Error: Failed to locate '/usr/share/hyrax/data/ff/ws/' (BESUtil.cc:298), current memory usage is 7643008 KB.
1692993035,184,error,ERROR: BES Not Found Error: Failed to locate '/usr/share/hyrax/data/ncml/agg/ws/' (BESUtil.cc:298), current memory usage is 7643008 KB.
1692993037,184,error,ERROR: BES Not Found Error: Failed to locate '/usr/share/hyrax/data/WS/' (BESUtil.cc:298), current memory usage is 7643008 KB.
1692993037,184,error,ERROR: BES Not Found Error: Failed to locate '/usr/share/hyrax/data/ugrids/WS/' (BESUtil.cc:298), current memory usage is 7643008 KB.
1692993038,184,error,ERROR: BES Not Found Error: Failed to locate '/usr/share/hyrax/data/hdf5/WS/' (BESUtil.cc:298), current memory usage is 7643008 KB.
1692993039,184,error,ERROR: BES Not Found Error: Failed to locate '/usr/share/hyrax/data/dapreader/dap4/WS/' (BESUtil.cc:298), current memory usage is 7643008 KB.
1692993040,184,error,ERROR: BES Not Found Error: Failed to locate '/usr/share/hyrax/wsdl/' (BESUtil.cc:298), current memory usage is 7643008 KB.
1692993041,184,error,ERROR: BES Not Found Error: Failed to locate '/usr/share/hyrax/data/csv/wsdl/' (BESUtil.cc:298), current memory usage is 7643008 KB.
1692993042,184,error,ERROR: BES Not Found Error: Failed to locate '/usr/share/hyrax/data/hdf4/wsdl/' (BESUtil.cc:298), current memory usage is 7643008 KB.
1692993043,184,error,ERROR: BES Not Found Error: Failed to locate '/usr/share/hyrax/data/dapreader/dap4/dmr-testsuite/wsdl/' (BESUtil.cc:298), current memory usage is 7643008 KB.
1692993044,184,error,ERROR: BES Not Found Error: Failed to locate '/usr/share/hyrax/data/nc/WSDL/' (BESUtil.cc:298), current memory usage is 7643008 KB.
1692993045,184,error,ERROR: BES Not Found Error: Failed to locate '/usr/share/hyrax/data/ncml/dmrpp/WSDL/' (BESUtil.cc:298), current memory usage is 7643008 KB.
1692993046,184,error,ERROR: BES Not Found Error: Failed to locate '/usr/share/hyrax/data/ncml/agg/grids/WSDL/' (BESUtil.cc:298), current memory usage is 7643008 KB.
1692993100,184,error,ERROR: BES Not Found Error: Failed to locate '/usr/share/hyrax/data/dapreader/dap4/D4-xml/catalog.xml' (BESUtil.cc:298), current memory usage is 7643008 KB.
1692993103,184,error,ERROR: BES Not Found Error: Failed to locate '/usr/share/hyrax/data/nc/catalog.xml' (BESUtil.cc:298), current memory usage is 7643008 KB.
1692993104,184,error,ERROR: BES Not Found Error: Failed to locate '/usr/share/hyrax/data/stare/catalog.xml' (BESUtil.cc:298), current memory usage is 7643008 KB.
1692993110,184,error,ERROR: BES Not Found Error: Failed to locate '/usr/share/hyrax/data/csv/api.jsp' (BESUtil.cc:298), current memory usage is 7643008 KB.
1692993110,184,error,ERROR: BES Not Found Error: Failed to locate '/usr/share/hyrax/data/gdal/api.jsp' (BESUtil.cc:298), current memory usage is 7643008 KB.
1692993110,184,error,ERROR: BES Not Found Error: Failed to locate '/usr/share/hyrax/data/ncml/dmrpp/api.jsp' (BESUtil.cc:298), current memory usage is 7643008 KB.
1692993112,184,error,ERROR: BES Not Found Error: Failed to locate '/usr/share/hyrax/data/ncml/service.jsp' (BESUtil.cc:298), current memory usage is 7643008 KB.
1692993112,184,error,ERROR: BES Not Found Error: Failed to locate '/usr/share/hyrax/service.jsp' (BESUtil.cc:298), current memory usage is 7643008 KB.
1692993113,184,error,ERROR: BES Not Found Error: Failed to locate '/usr/share/hyrax/data/hdf4/service.jsp' (BESUtil.cc:298), current memory usage is 7643008 KB.
1692993113,184,error,ERROR: BES Not Found Error: Failed to locate '/usr/share/hyrax/data/ncml/agg/grids/service.jsp' (BESUtil.cc:298), current memory usage is 7643008 KB.
1692993114,184,error,ERROR: BES Not Found Error: Failed to locate '/usr/share/hyrax/data/gdal/ws.jsp' (BESUtil.cc:298), current memory usage is 7643008 KB.
1692993114,184,error,ERROR: BES Not Found Error: Failed to locate '/usr/share/hyrax/data/stare/ws.jsp' (BESUtil.cc:298), current memory usage is 7643008 KB.
1692993115,184,error,ERROR: BES Not Found Error: Failed to locate '/usr/share/hyrax/data/hdf4/ws.jsp' (BESUtil.cc:298), current memory usage is 7643008 KB.
1692993116,184,error,ERROR: BES Not Found Error: Failed to locate '/usr/share/hyrax/catalog.xml' (BESUtil.cc:298), current memory usage is 7643008 KB.
1692993130,184,error,ERROR: BES Not Found Error: Failed to locate '/usr/share/hyrax/data/csv/catalog.xml' (BESUtil.cc:298), current memory usage is 7643008 KB.
1692993133,184,error,ERROR: BES Not Found Error: Failed to locate '/usr/share/hyrax/data/hdf5/catalog.xml' (BESUtil.cc:298), current memory usage is 7643008 KB.
1692993358,184,error,ERROR: BES Not Found Error: Failed to locate '/usr/share/hyrax/data/ncml/dmrpp/catalog.xml' (BESUtil.cc:298), current memory usage is 7643008 KB.
1692993373,184,error,ERROR: BES Not Found Error: Failed to locate '/usr/share/hyrax/data/dapreader/dap4/dmr-testsuite/catalog.xml' (BESUtil.cc:298), current memory usage is 7643008 KB.
1692993725,184,error,ERROR: BES Not Found Error: Failed to locate '/usr/share/hyrax/data/dmrpp/catalog.xml' (BESUtil.cc:298), current memory usage is 7643008 KB.
1692993784,184,error,ERROR: BES Not Found Error: Failed to locate '/usr/share/hyrax/data/ncml/agg/grids/catalog.xml' (BESUtil.cc:298), current memory usage is 7643008 KB.
1692993797,184,error,ERROR: BES Not Found Error: Failed to locate '/usr/share/hyrax/data/csv/catalog.xml' (BESUtil.cc:298), current memory usage is 7643008 KB.
1692993799,184,error,ERROR: BES Not Found Error: Failed to locate '/usr/share/hyrax/data/dapreader/catalog.xml' (BESUtil.cc:298), current memory usage is 7643008 KB.
1692994051,184,error,ERROR: BES Not Found Error: Failed to locate '/usr/share/hyrax/data/ugrids/catalog.xml' (BESUtil.cc:298), current memory usage is 7643008 KB.
1692994224,184,error,ERROR: BES Not Found Error: Failed to locate '/usr/share/hyrax/catalog.xml' (BESUtil.cc:298), current memory usage is 7643008 KB.
1692994402,184,error,ERROR: BES Not Found Error: Failed to locate '/usr/share/hyrax/data/ncml/agg/catalog.xml' (BESUtil.cc:298), current memory usage is 7643008 KB.
1692994444,184,error,ERROR: BES Not Found Error: Failed to locate '/usr/share/hyrax/data/stare/catalog.xml' (BESUtil.cc:298), current memory usage is 7643008 KB.
1692994462,184,error,ERROR: BES Not Found Error: Failed to locate '/usr/share/hyrax/data/dapreader/dap4/D4-xml/catalog.xml' (BESUtil.cc:298), current memory usage is 7643008 KB.
1692994671,184,error,ERROR: BES Not Found Error: Failed to locate '/usr/share/hyrax/data/dapreader/dap4/catalog.xml' (BESUtil.cc:298), current memory usage is 7643008 KB.
1692994881,184,error,ERROR: BES Not Found Error: Failed to locate '/usr/share/hyrax/data/ugrids/catalog.xml' (BESUtil.cc:298), current memory usage is 7643008 KB.
1692995072,184,error,ERROR: BES Not Found Error: Failed to locate '/usr/share/hyrax/data/csv/catalog.xml' (BESUtil.cc:298), current memory usage is 7643008 KB.
1692995078,184,error,ERROR: BES Not Found Error: Failed to locate '/usr/share/hyrax/data/ncml/dmrpp/catalog.xml' (BESUtil.cc:298), current memory usage is 7643008 KB.
1692995149,184,error,ERROR: BES Not Found Error: Failed to locate '/usr/share/hyrax/data/ncml/agg/grids/catalog.xml' (BESUtil.cc:298), current memory usage is 7643008 KB.
1692995777,184,error,ERROR: BES Not Found Error: Failed to locate '/usr/share/hyrax/###4444#333 + #_QUALYS###/###8888#111 + #_QUALYS###' (BESUtil.cc:298), current memory usage is 7643008 KB.
1692995777,184,error,ERROR: BES Not Found Error: Failed to locate '/usr/share/hyrax/data/dapreader/###4444#333 + #_QUALYS###/###8888#111 + #_QUALYS###/' (BESUtil.cc:298), current memory usage is 7643008 KB.
1692995778,184,error,ERROR: BES Not Found Error: Failed to locate '/usr/share/hyrax/data/dapreader/dap4/###4444#333 + #_QUALYS###/###8888#111 + #_QUALYS###/' (BESUtil.cc:298), current memory usage is 7643008 KB.
1692995778,184,error,ERROR: BES Not Found Error: Failed to locate '/usr/share/hyrax/data/ncml/agg/dated/###4444#333 + #_QUALYS###/###8888#111 + #_QUALYS###/' (BESUtil.cc:298), current memory usage is 7643008 KB.
1692995781,184,error,ERROR: BES Not Found Error: Failed to locate '/usr/share/hyrax/catalog.xml' (BESUtil.cc:298), current memory usage is 7643008 KB.
1692995782,184,error,ERROR: BES Not Found Error: Failed to locate '/usr/share/hyrax/data/ugrids/axis2-admin/login' (BESUtil.cc:298), current memory usage is 7643008 KB.
1692995783,184,error,ERROR: BES Not Found Error: Failed to locate '/usr/share/hyrax/data/dapreader/axis2-admin/login' (BESUtil.cc:298), current memory usage is 7643008 KB.
1692995783,184,error,ERROR: BES Not Found Error: Failed to locate '/usr/share/hyrax/data/ncml/agg/grids/axis2-admin/login' (BESUtil.cc:298), current memory usage is 7643008 KB.
1692995785,184,error,ERROR: BES Not Found Error: Failed to locate '/usr/share/hyrax/data/catalog.xml' (BESUtil.cc:298), current memory usage is 7643008 KB.
1692995786,184,error,ERROR: BES Not Found Error: Failed to locate '/usr/share/hyrax/data/ncml/dmrpp/catalog.xml' (BESUtil.cc:298), current memory usage is 7643008 KB.
1692995808,184,error,ERROR: BES Not Found Error: Failed to locate '/usr/share/hyrax/data/admin/' (BESUtil.cc:298), current memory usage is 7643008 KB.
1692995809,184,error,ERROR: BES Not Found Error: Failed to locate '/usr/share/hyrax/data/dmrpp/admin/' (BESUtil.cc:298), current memory usage is 7643008 KB.
1692995809,184,error,ERROR: BES Not Found Error: Failed to locate '/usr/share/hyrax/data/ncml/admin/' (BESUtil.cc:298), current memory usage is 7643008 KB.
1692995810,184,error,ERROR: BES Not Found Error: Failed to locate '/usr/share/hyrax/data/ncml/agg/dated/admin/' (BESUtil.cc:298), current memory usage is 7643008 KB.
1692995811,184,error,ERROR: BES Not Found Error: Failed to locate '/usr/share/hyrax/data/ncml/adm/' (BESUtil.cc:298), current memory usage is 7643008 KB.
1692995812,184,error,ERROR: BES Not Found Error: Failed to locate '/usr/share/hyrax/data/ncml/agg/grids/adm/' (BESUtil.cc:298), current memory usage is 7643008 KB.
1692995813,184,error,ERROR: BES Not Found Error: Failed to locate '/usr/share/hyrax/administration/' (BESUtil.cc:298), current memory usage is 7643008 KB.
1692995814,184,error,ERROR: BES Not Found Error: Failed to locate '/usr/share/hyrax/data/ncml/administration/' (BESUtil.cc:298), current memory usage is 7643008 KB.
1692995815,184,error,ERROR: BES Not Found Error: Failed to locate '/usr/share/hyrax/data/ncml/agg/dated/administration/' (BESUtil.cc:298), current memory usage is 7643008 KB.
1692995815,184,error,ERROR: BES Not Found Error: Failed to locate '/usr/share/hyrax/data/ncml/dmrpp/administration/' (BESUtil.cc:298), current memory usage is 7643008 KB.
1692995819,184,error,ERROR: BES Not Found Error: Failed to locate '/usr/share/hyrax/data/nc/admin.jsp' (BESUtil.cc:298), current memory usage is 7643008 KB.
1692995820,184,error,ERROR: BES Not Found Error: Failed to locate '/usr/share/hyrax/data/stare/admin.jsp' (BESUtil.cc:298), current memory usage is 7643008 KB.
1692995822,184,error,ERROR: BES Not Found Error: Failed to locate '/usr/share/hyrax/data/dapreader/dap4/admin.jsp' (BESUtil.cc:298), current memory usage is 7643008 KB.
1692995823,184,error,ERROR: BES Not Found Error: Failed to locate '/usr/share/hyrax/data/dapreader/dap4/dmr-testsuite/admin.jsp' (BESUtil.cc:298), current memory usage is 7643008 KB.
1692995872,184,error,ERROR: BES Not Found Error: Failed to locate '/usr/share/hyrax/data/dmrpp/src/' (BESUtil.cc:298), current memory usage is 7643008 KB.
1692995873,184,error,ERROR: BES Not Found Error: Failed to locate '/usr/share/hyrax/data/csv/src/' (BESUtil.cc:298), current memory usage is 7643008 KB.
1692995873,184,error,ERROR: BES Not Found Error: Failed to locate '/usr/share/hyrax/data/hdf4/src/' (BESUtil.cc:298), current memory usage is 7643008 KB.
1692995874,184,error,ERROR: BES Not Found Error: Failed to locate '/usr/share/hyrax/data/ncml/agg/dated/src/' (BESUtil.cc:298), current memory usage is 7643008 KB.
1692995876,184,error,ERROR: BES Not Found Error: Failed to locate '/usr/share/hyrax/common/' (BESUtil.cc:298), current memory usage is 7643008 KB.
1692995877,184,error,ERROR: BES Not Found Error: Failed to locate '/usr/share/hyrax/data/csv/common/' (BESUtil.cc:298), current memory usage is 7643008 KB.
1692995878,184,error,ERROR: BES Not Found Error: Failed to locate '/usr/share/hyrax/data/ff/common/' (BESUtil.cc:298), current memory usage is 7643008 KB.
1692995878,184,error,ERROR: BES Not Found Error: Failed to locate '/usr/share/hyrax/data/ncml/agg/common/' (BESUtil.cc:298), current memory usage is 7643008 KB.
1692995880,184,error,ERROR: BES Not Found Error: Failed to locate '/usr/share/hyrax/config/' (BESUtil.cc:298), current memory usage is 7643008 KB.
1692995881,184,error,ERROR: BES Not Found Error: Failed to locate '/usr/share/hyrax/data/hdf5/config/' (BESUtil.cc:298), current memory usage is 7643008 KB.
1692995881,184,error,ERROR: BES Not Found Error: Failed to locate '/usr/share/hyrax/data/stare/config/' (BESUtil.cc:298), current memory usage is 7643008 KB.
1692995883,184,error,ERROR: BES Not Found Error: Failed to locate '/usr/share/hyrax/data/ncml/agg/grids/config/' (BESUtil.cc:298), current memory usage is 7643008 KB.
1692995885,184,error,ERROR: BES Not Found Error: Failed to locate '/usr/share/hyrax/data/csv/css/' (BESUtil.cc:298), current memory usage is 7643008 KB.
1692995886,184,error,ERROR: BES Not Found Error: Failed to locate '/usr/share/hyrax/data/hdf5/css/' (BESUtil.cc:298), current memory usage is 7643008 KB.
1692995887,184,error,ERROR: BES Not Found Error: Failed to locate '/usr/share/hyrax/data/ncml/agg/css/' (BESUtil.cc:298), current memory usage is 7643008 KB.
1692995932,184,error,ERROR: BES Not Found Error: Failed to locate '/usr/share/hyrax/data/ncml/docs/' (BESUtil.cc:298), current memory usage is 7643008 KB.
1692995932,184,error,ERROR: BES Not Found Error: Failed to locate '/usr/share/hyrax/data/ugrids/docs/' (BESUtil.cc:298), current memory usage is 7643008 KB.
1692995934,184,error,ERROR: BES Not Found Error: Failed to locate '/usr/share/hyrax/data/dapreader/dap4/dmr-testsuite/docs/' (BESUtil.cc:298), current memory usage is 7643008 KB.
1692995935,184,error,ERROR: BES Not Found Error: Failed to locate '/usr/share/hyrax/data/external/' (BESUtil.cc:298), current memory usage is 7643008 KB.
1692995936,184,error,ERROR: BES Not Found Error: Failed to locate '/usr/share/hyrax/data/ncml/dmrpp/external/' (BESUtil.cc:298), current memory usage is 7643008 KB.
1692995937,184,error,ERROR: BES Not Found Error: Failed to locate '/usr/share/hyrax/data/dapreader/dap4/dmr-testsuite/external/' (BESUtil.cc:298), current memory usage is 7643008 KB.
1692995939,184,error,ERROR: BES Not Found Error: Failed to locate '/usr/share/hyrax/data/csv/history/' (BESUtil.cc:298), current memory usage is 7643008 KB.
1692995940,184,error,ERROR: BES Not Found Error: Failed to locate '/usr/share/hyrax/data/ncml/agg/history/' (BESUtil.cc:298), current memory usage is 7643008 KB.
1692995941,184,error,ERROR: BES Not Found Error: Failed to locate '/usr/share/hyrax/include/' (BESUtil.cc:298), current memory usage is 7643008 KB.
1692995942,184,error,ERROR: BES Not Found Error: Failed to locate '/usr/share/hyrax/data/nc/include/' (BESUtil.cc:298), current memory usage is 7643008 KB.
1692995943,184,error,ERROR: BES Not Found Error: Failed to locate '/usr/share/hyrax/data/hdf5/include/' (BESUtil.cc:298), current memory usage is 7643008 KB.
1692995944,184,error,ERROR: BES Not Found Error: Failed to locate '/usr/share/hyrax/data/dapreader/dap4/include/' (BESUtil.cc:298), current memory usage is 7643008 KB.
1692995946,184,error,ERROR: BES Not Found Error: Failed to locate '/usr/share/hyrax/data/gdal/includes/' (BESUtil.cc:298), current memory usage is 7643008 KB.
1692995947,184,error,ERROR: BES Not Found Error: Failed to locate '/usr/share/hyrax/data/csv/includes/' (BESUtil.cc:298), current memory usage is 7643008 KB.
1692995948,184,error,ERROR: BES Not Found Error: Failed to locate '/usr/share/hyrax/data/ncml/agg/grids/includes/' (BESUtil.cc:298), current memory usage is 7643008 KB.
1692995948,184,error,ERROR: BES Not Found Error: Failed to locate '/usr/share/hyrax/data/ncml/dmrpp/includes/' (BESUtil.cc:298), current memory usage is 7643008 KB.
1692995949,184,error,ERROR: BES Not Found Error: Failed to locate '/usr/share/hyrax/js/' (BESUtil.cc:298), current memory usage is 7643008 KB.
1692995951,184,error,ERROR: BES Not Found Error: Failed to locate '/usr/share/hyrax/data/ncml/js/' (BESUtil.cc:298), current memory usage is 7643008 KB.
1692995953,184,error,ERROR: BES Not Found Error: Failed to locate '/usr/share/hyrax/data/ncml/agg/js/' (BESUtil.cc:298), current memory usage is 7643008 KB.
1692995991,184,error,ERROR: BES Not Found Error: Failed to locate '/usr/share/hyrax/data/lib/' (BESUtil.cc:298), current memory usage is 7643008 KB.
1692995992,184,error,ERROR: BES Not Found Error: Failed to locate '/usr/share/hyrax/data/ugrids/lib/' (BESUtil.cc:298), current memory usage is 7643008 KB.
1692995993,184,error,ERROR: BES Not Found Error: Failed to locate '/usr/share/hyrax/data/ff/lib/' (BESUtil.cc:298), current memory usage is 7643008 KB.
1692995995,184,error,ERROR: BES Not Found Error: Failed to locate '/usr/share/hyrax/data/ncml/agg/grids/lib/' (BESUtil.cc:298), current memory usage is 7643008 KB.
1692995999,184,error,ERROR: BES Not Found Error: Failed to locate '/usr/share/hyrax/data/test.jsp' (BESUtil.cc:298), current memory usage is 7643008 KB.
1692996001,184,error,ERROR: BES Not Found Error: Failed to locate '/usr/share/hyrax/data/ff/test.jsp' (BESUtil.cc:298), current memory usage is 7643008 KB.
1692996002,184,error,ERROR: BES Not Found Error: Failed to locate '/usr/share/hyrax/data/ncml/dmrpp/test.jsp' (BESUtil.cc:298), current memory usage is 7643008 KB.
1692996003,184,error,ERROR: BES Not Found Error: Failed to locate '/usr/share/hyrax/data/dapreader/dap4/dmr-testsuite/test.jsp' (BESUtil.cc:298), current memory usage is 7643008 KB.
1692996010,184,error,ERROR: BES Not Found Error: Failed to locate '/usr/share/hyrax/data/hdf5/bin/' (BESUtil.cc:298), current memory usage is 7643008 KB.
1692996011,184,error,ERROR: BES Not Found Error: Failed to locate '/usr/share/hyrax/data/ncml/agg/grids/bin/' (BESUtil.cc:298), current memory usage is 7643008 KB.
1692996117,184,error,ERROR: BES Not Found Error: Failed to locate '/usr/share/hyrax/500page.jsp' (BESUtil.cc:298), current memory usage is 7643008 KB.
1692996138,184,error,ERROR: BES Not Found Error: Failed to locate '/usr/share/hyrax/data/dapreader/dap4/dmr-testsuite/catalog.xml' (BESUtil.cc:298), current memory usage is 7643008 KB.
1692996223,184,error,ERROR: BES Not Found Error: Failed to locate '/usr/share/hyrax/data/csv/catalog.xml' (BESUtil.cc:298), current memory usage is 7643008 KB.
1692996228,184,error,ERROR: BES Not Found Error: Failed to locate '/usr/share/hyrax/data/hdf4/catalog.xml' (BESUtil.cc:298), current memory usage is 7643008 KB.
1692996256,184,error,ERROR: BES Not Found Error: Failed to locate '/usr/share/hyrax/data/dapreader/catalog.xml' (BESUtil.cc:298), current memory usage is 7643008 KB.
1693010068,184,error,ERROR: BES Not Found Error: Failed to locate '/usr/share/hyrax/ngap/collections/C1238392622-EEDTEST/granules/f16_ssmis_20210425v7.nc' (BESUtil.cc:298), current memory usage is 7643008 KB.
1693010176,184,error,ERROR: BES Not Found Error: Failed to locate '/usr/share/hyrax/ngap/collections/C1245662776-EEDTEST/granules/M2T1NXSLV.5.12.4:MERRA2_400.tavg1_2d_slv_Nx.20210609.nc4.dap' (BESUtil.cc:298), current memory usage is 7643008 KB.
1693010616,184,error,ERROR: BES Not Found Error: Failed to locate '/usr/share/hyrax/ngap/collections/C1245618475-EEDTEST/granules/GPM_3IMERGHH.06:3B-HHR.MS.MRG.3IMERG.20200101-S000000-E002959.0000.V06B.HDF5.dap' (BESUtil.cc:298), current memory usage is 7643008 KB.
1693010665,184,error,ERROR: BES Not Found Error: Failed to locate '/usr/share/hyrax/ngap/collections/C1245804308-EEDTEST/granules/NorthSlope_NEE_TVPRM.TVPRM_IVO_BES_ABoVE-LC_NARR_GOSIF_2008.nc4.dap.nc4' (BESUtil.cc:298), current memory usage is 7643008 KB.
1693227310,184,error,ERROR: BES Not Found Error: Failed to locate '/usr/share/hyrax/ngap/collections/C1238392622-EEDTEST/granules/f16_ssmis_20210425v7.nc' (BESUtil.cc:298), current memory usage is 7643008 KB.
1693227417,184,error,ERROR: BES Not Found Error: Failed to locate '/usr/share/hyrax/ngap/collections/C1245662776-EEDTEST/granules/M2T1NXSLV.5.12.4:MERRA2_400.tavg1_2d_slv_Nx.20210609.nc4.dap' (BESUtil.cc:298), current memory usage is 7643008 KB.
1693234470,184,error,ERROR: BES Not Found Error: The specified path 'collections/C1215802914-GES_DISC/granules/M2I3NVAER.5.12.4:MERRA2_400.inst3_3d_aer_Nv.20200109' does not identify a granule in CMR. (NgapApi.cc:325), current memory usage is 7643008 KB.
1693253086,184,error,ERROR: BES Not Found Error: The specified path 'collections/C1247485678-LARC_CLOUD/granules/TEMPO_NO2_L3_V01_20130701T215955Z_S010' does not identify a granule in CMR. (NgapApi.cc:325), current memory usage is 7643008 KB.
1693126829,5841,error,CredentialsManager::load_credentials() - CredentialsManager config file /etc/bes/credentials.conf was specified but is not present.1693126829,22196,timing,elapsed_us,188432,start_us,1693126829336338,stop_us,1693126829524770,-,RemoteResource::get_url() - source url: https://cmr.uat.earthdata.nasa.gov/search/granules.umm_json_v1_4?collection_concept_id=C1241426907-NSIDC_CUAT&granule_ur=ATL08_20200101220129_00940612_005_01.h5
1693227416,5841,error,ERROR: BES Not Found Error: Failed to locate '/usr/share/hyrax/ngap/collections/C1245662776-EEDTEST/granules/M2T1NXSLV.5.12.4:MERRA2_400.tavg1_2d_slv_Nx.20210609.nc4' (BESUtil.cc:298), current memory usage is 29128 KB.
1693227494,5841,error,ERROR: BES Not Found Error: Failed to locate '/usr/share/hyrax/ngap/collections/C1245618475-EEDTEST/granules/GPM_3IMERGHH.06:3B-HHR.MS.MRG.3IMERG.20200118-S190000-E192959.1140.V06B.HDF5.dap.nc4' (BESUtil.cc:298), current memory usage is 56212 KB.
1693227514,5841,error,ERROR: BES Not Found Error: Failed to locate '/usr/share/hyrax/ngap/collections/C1245804308-EEDTEST/granules/NorthSlope_NEE_TVPRM.TVPRM_IVO_BES_ABoVE-LC_NARR_GOSIF_2008.nc4.dap.nc4' (BESUtil.cc:298), current memory usage is 56212 KB.
1693253070,5841,error,ERROR - The HTTP GET request for the source URL: https://data.asdc.uat.earthdata.nasa.gov/asdc2-uat-protected/TEMPO/TEMPO_NO2_L3_V01/2013.07.01/TEMPO_NO2_L3_V01_20130701T215955Z_S010.nc.dmrpp FAILED. CURLINFO_EFFECTIVE_URL: https://data.asdc.uat.earthdata.nasa.gov/asdc2-uat-protected/TEMPO/TEMPO_NO2_L3_V01/2013.07.01/TEMPO_NO2_L3_V01_20130701T215955Z_S010.nc.dmrpp The response had an HTTP status of 404 which means Not Found: The underlying data source or server could not be found.
1693253070,5841,error,ERROR: BES Not Found Error: ERROR - The HTTP GET request for the source URL: https://data.asdc.uat.earthdata.nasa.gov/asdc2-uat-protected/TEMPO/TEMPO_NO2_L3_V01/2013.07.01/TEMPO_NO2_L3_V01_20130701T215955Z_S010.nc.dmrpp FAILED. CURLINFO_EFFECTIVE_URL: https://data.asdc.uat.earthdata.nasa.gov/asdc2-uat-protected/TEMPO/TEMPO_NO2_L3_V01/2013.07.01/TEMPO_NO2_L3_V01_20130701T215955Z_S010.nc.dmrpp The response had an HTTP status of 404 which means Not Found: The underlying data source or server could not be found. (CurlUtils.cc:836), current memory usage is 2062264 KB.
1692954030,8154,error,CredentialsManager::load_credentials() - CredentialsManager config file /etc/bes/credentials.conf was specified but is not present.1692954030,8154,timing,elapsed_us,199113,start_us,1692954030760643,stop_us,1692954030959756,-,RemoteResource::get_url() - source url: https://cmr.uat.earthdata.nasa.gov/search/granules.umm_json_v1_4?collection_concept_id=C1241426907-NSIDC_CUAT&granule_ur=ATL08_20200103082227_01160610_005_01.h5
1692991807,8154,error,ERROR: BES Not Found Error: Failed to locate '/usr/share/hyrax/data/gdal/catalog.xml' (BESUtil.cc:298), current memory usage is 439828 KB.
1692992129,8154,error,ERROR: BES Not Found Error: Failed to locate '/usr/share/hyrax/data/dmrpp/catalog.xml' (BESUtil.cc:298), current memory usage is 439828 KB.
1692992510,8154,error,ERROR: BES Not Found Error: Failed to locate '/usr/share/hyrax/data/dapreader/catalog.xml' (BESUtil.cc:298), current memory usage is 439828 KB.
1692992523,8154,error,ERROR: BES Not Found Error: Failed to locate '/usr/share/hyrax/data/hdf5/catalog.xml' (BESUtil.cc:298), current memory usage is 439828 KB.
1692992693,8154,error,ERROR: BES Not Found Error: Failed to locate '/usr/share/hyrax/data/ncml/agg/dated/catalog.xml' (BESUtil.cc:298), current memory usage is 439828 KB.
1692992733,8154,error,ERROR: BES Not Found Error: Failed to locate '/usr/share/hyrax/data/dapreader/dap4/dmr-testsuite/catalog.xml' (BESUtil.cc:298), current memory usage is 439828 KB.
1692992976,8154,error,ERROR: BES Not Found Error: Failed to locate '/usr/share/hyrax/data/APIs/' (BESUtil.cc:298), current memory usage is 439828 KB.
1692992976,8154,error,ERROR: BES Not Found Error: Failed to locate '/usr/share/hyrax/data/nc/APIs/' (BESUtil.cc:298), current memory usage is 439828 KB.
1692992977,8154,error,ERROR: BES Not Found Error: Failed to locate '/usr/share/hyrax/data/hdf4/APIs/' (BESUtil.cc:298), current memory usage is 439828 KB.
1692992977,8154,error,ERROR: BES Not Found Error: Failed to locate '/usr/share/hyrax/data/stare/APIs/' (BESUtil.cc:298), current memory usage is 439828 KB.
1692992978,8154,error,ERROR: BES Not Found Error: Failed to locate '/usr/share/hyrax/data/gdal/service/' (BESUtil.cc:298), current memory usage is 439828 KB.
1692992978,8154,error,ERROR: BES Not Found Error: Failed to locate '/usr/share/hyrax/data/ugrids/service/' (BESUtil.cc:298), current memory usage is 439828 KB.
1692992979,8154,error,ERROR: BES Not Found Error: Failed to locate '/usr/share/hyrax/data/dapreader/dap4/service/' (BESUtil.cc:298), current memory usage is 439828 KB.
1692992979,8154,error,ERROR: BES Not Found Error: Failed to locate '/usr/share/hyrax/data/dapreader/service/' (BESUtil.cc:298), current memory usage is 439828 KB.
1692992981,8154,error,ERROR: BES Not Found Error: Failed to locate '/usr/share/hyrax/data/gdal/Service/' (BESUtil.cc:298), current memory usage is 439828 KB.
1692992981,8154,error,ERROR: BES Not Found Error: Failed to locate '/usr/share/hyrax/data/ncml/Service/' (BESUtil.cc:298), current memory usage is 439828 KB.
1692992982,8154,error,ERROR: BES Not Found Error: Failed to locate '/usr/share/hyrax/data/ncml/agg/Service/' (BESUtil.cc:298), current memory usage is 439828 KB.
1692992983,8154,error,ERROR: BES Not Found Error: Failed to locate '/usr/share/hyrax/SERVICE/' (BESUtil.cc:298), current memory usage is 439828 KB.
1692992984,8154,error,ERROR: BES Not Found Error: Failed to locate '/usr/share/hyrax/data/csv/SERVICE/' (BESUtil.cc:298), current memory usage is 439828 KB.
1692992985,8154,error,ERROR: BES Not Found Error: Failed to locate '/usr/share/hyrax/data/hdf5/SERVICE/' (BESUtil.cc:298), current memory usage is 439828 KB.
1692992986,8154,error,ERROR: BES Not Found Error: Failed to locate '/usr/share/hyrax/data/dapreader/dap4/SERVICE/' (BESUtil.cc:298), current memory usage is 439828 KB.
1692992987,8154,error,ERROR: BES Not Found Error: Failed to locate '/usr/share/hyrax/data/WebService/' (BESUtil.cc:298), current memory usage is 439828 KB.
1692992990,8154,error,ERROR: BES Not Found Error: Failed to locate '/usr/share/hyrax/data/hdf5/WebService/' (BESUtil.cc:298), current memory usage is 439828 KB.
1692992991,8154,error,ERROR: BES Not Found Error: Failed to locate '/usr/share/hyrax/data/ncml/agg/grids/WebService/' (BESUtil.cc:298), current memory usage is 439828 KB.
1692993032,8154,error,ERROR: BES Not Found Error: Failed to locate '/usr/share/hyrax/data/ws/' (BESUtil.cc:298), current memory usage is 439828 KB.
1692993034,8154,error,ERROR: BES Not Found Error: Failed to locate '/usr/share/hyrax/data/ncml/ws/' (BESUtil.cc:298), current memory usage is 439828 KB.
1692993035,8154,error,ERROR: BES Not Found Error: Failed to locate '/usr/share/hyrax/data/ncml/dmrpp/ws/' (BESUtil.cc:298), current memory usage is 439828 KB.
1692993036,8154,error,ERROR: BES Not Found Error: Failed to locate '/usr/share/hyrax/data/dapreader/dap4/D4-xml/ws/' (BESUtil.cc:298), current memory usage is 439828 KB.
1692993037,8154,error,ERROR: BES Not Found Error: Failed to locate '/usr/share/hyrax/data/dmrpp/WS/' (BESUtil.cc:298), current memory usage is 439828 KB.
1692993038,8154,error,ERROR: BES Not Found Error: Failed to locate '/usr/share/hyrax/data/dapreader/WS/' (BESUtil.cc:298), current memory usage is 439828 KB.
1692993039,8154,error,ERROR: BES Not Found Error: Failed to locate '/usr/share/hyrax/data/ncml/agg/grids/WS/' (BESUtil.cc:298), current memory usage is 439828 KB.
1692993040,8154,error,ERROR: BES Not Found Error: Failed to locate '/usr/share/hyrax/data/dapreader/dap4/D4-xml/WS/' (BESUtil.cc:298), current memory usage is 439828 KB.
1692993041,8154,error,ERROR: BES Not Found Error: Failed to locate '/usr/share/hyrax/data/ugrids/wsdl/' (BESUtil.cc:298), current memory usage is 439828 KB.
1692993042,8154,error,ERROR: BES Not Found Error: Failed to locate '/usr/share/hyrax/data/dapreader/wsdl/' (BESUtil.cc:298), current memory usage is 439828 KB.
1692993042,8154,error,ERROR: BES Not Found Error: Failed to locate '/usr/share/hyrax/data/ncml/agg/grids/wsdl/' (BESUtil.cc:298), current memory usage is 439828 KB.
1692993043,8154,error,ERROR: BES Not Found Error: Failed to locate '/usr/share/hyrax/data/gdal/WSDL/' (BESUtil.cc:298), current memory usage is 439828 KB.
1692993045,8154,error,ERROR: BES Not Found Error: Failed to locate '/usr/share/hyrax/data/hdf4/WSDL/' (BESUtil.cc:298), current memory usage is 439828 KB.
1692993046,8154,error,ERROR: BES Not Found Error: Failed to locate '/usr/share/hyrax/data/dapreader/dap4/D4-xml/WSDL/' (BESUtil.cc:298), current memory usage is 439828 KB.
1692993046,8154,error,ERROR: BES Not Found Error: Failed to locate '/usr/share/hyrax/data/dapreader/dap4/WSDL/' (BESUtil.cc:298), current memory usage is 439828 KB.
1692993101,8154,error,ERROR: BES Not Found Error: Failed to locate '/usr/share/hyrax/data/dmrpp/catalog.xml' (BESUtil.cc:298), current memory usage is 439828 KB.
1692993109,8154,error,ERROR: BES Not Found Error: Failed to locate '/usr/share/hyrax/data/api.jsp' (BESUtil.cc:298), current memory usage is 439828 KB.
1692993110,8154,error,ERROR: BES Not Found Error: Failed to locate '/usr/share/hyrax/data/dapreader/api.jsp' (BESUtil.cc:298), current memory usage is 439828 KB.
1692993110,8154,error,ERROR: BES Not Found Error: Failed to locate '/usr/share/hyrax/data/ugrids/api.jsp' (BESUtil.cc:298), current memory usage is 439828 KB.
1692993111,8154,error,ERROR: BES Not Found Error: Failed to locate '/usr/share/hyrax/data/dapreader/dap4/dmr-testsuite/api.jsp' (BESUtil.cc:298), current memory usage is 439828 KB.
1692993112,8154,error,ERROR: BES Not Found Error: Failed to locate '/usr/share/hyrax/data/hdf5/service.jsp' (BESUtil.cc:298), current memory usage is 439828 KB.
1692993112,8154,error,ERROR: BES Not Found Error: Failed to locate '/usr/share/hyrax/data/stare/service.jsp' (BESUtil.cc:298), current memory usage is 439828 KB.
1692993113,8154,error,ERROR: BES Not Found Error: Failed to locate '/usr/share/hyrax/data/dapreader/dap4/dmr-testsuite/service.jsp' (BESUtil.cc:298), current memory usage is 439828 KB.
1692993113,8154,error,ERROR: BES Not Found Error: Failed to locate '/usr/share/hyrax/data/dapreader/dap4/service.jsp' (BESUtil.cc:298), current memory usage is 439828 KB.
1692993114,8154,error,ERROR: BES Not Found Error: Failed to locate '/usr/share/hyrax/data/dapreader/ws.jsp' (BESUtil.cc:298), current memory usage is 439828 KB.
1692993114,8154,error,ERROR: BES Not Found Error: Failed to locate '/usr/share/hyrax/data/nc/ws.jsp' (BESUtil.cc:298), current memory usage is 439828 KB.
1692993115,8154,error,ERROR: BES Not Found Error: Failed to locate '/usr/share/hyrax/data/dapreader/dap4/D4-xml/ws.jsp' (BESUtil.cc:298), current memory usage is 439828 KB.
1692993133,8154,error,ERROR: BES Not Found Error: Failed to locate '/usr/share/hyrax/data/ff/catalog.xml' (BESUtil.cc:298), current memory usage is 439828 KB.
1692993134,8154,error,ERROR: BES Not Found Error: Failed to locate '/usr/share/hyrax/data/hdf4/catalog.xml' (BESUtil.cc:298), current memory usage is 439828 KB.
1692993285,8154,error,ERROR: BES Not Found Error: Failed to locate '/usr/share/hyrax/data/dapreader/dap4/catalog.xml' (BESUtil.cc:298), current memory usage is 439828 KB.
1692993772,8154,error,ERROR: BES Not Found Error: Failed to locate '/usr/share/hyrax/data/ff/catalog.xml' (BESUtil.cc:298), current memory usage is 439828 KB.
1692993793,8154,error,ERROR: BES Not Found Error: Failed to locate '/usr/share/hyrax/data/stare/catalog.xml' (BESUtil.cc:298), current memory usage is 439828 KB.
1692993803,8154,error,ERROR: BES Not Found Error: Failed to locate '/usr/share/hyrax/data/dapreader/dap4/D4-xml/catalog.xml' (BESUtil.cc:298), current memory usage is 439828 KB.
1692993875,8154,error,ERROR: BES Not Found Error: Failed to locate '/usr/share/hyrax/data/ncml/catalog.xml' (BESUtil.cc:298), current memory usage is 439828 KB.
1692994411,8154,error,ERROR: BES Not Found Error: Failed to locate '/usr/share/hyrax/data/ncml/agg/grids/catalog.xml' (BESUtil.cc:298), current memory usage is 439828 KB.
1692994533,8154,error,ERROR: BES Not Found Error: Failed to locate '/usr/share/hyrax/data/ncml/catalog.xml' (BESUtil.cc:298), current memory usage is 439828 KB.
1692994657,8154,error,ERROR: BES Not Found Error: Failed to locate '/usr/share/hyrax/data/catalog.xml' (BESUtil.cc:298), current memory usage is 439828 KB.
1692994672,8154,error,ERROR: BES Not Found Error: Failed to locate '/usr/share/hyrax/data/dapreader/dap4/dmr-testsuite/catalog.xml' (BESUtil.cc:298), current memory usage is 439828 KB.
1692994796,8154,error,ERROR: BES Not Found Error: Failed to locate '/usr/share/hyrax/data/ff/catalog.xml' (BESUtil.cc:298), current memory usage is 439828 KB.
1692995003,8154,error,ERROR: BES Not Found Error: Failed to locate '/usr/share/hyrax/catalog.xml' (BESUtil.cc:298), current memory usage is 439828 KB.
1692995072,8154,error,ERROR: BES Not Found Error: Failed to locate '/usr/share/hyrax/data/dapreader/catalog.xml' (BESUtil.cc:298), current memory usage is 439828 KB.
1692995139,8154,error,ERROR: BES Not Found Error: Failed to locate '/usr/share/hyrax/data/dmrpp/catalog.xml' (BESUtil.cc:298), current memory usage is 439828 KB.
1692995151,8154,error,ERROR: BES Not Found Error: Failed to locate '/usr/share/hyrax/data/dapreader/dap4/D4-xml/catalog.xml' (BESUtil.cc:298), current memory usage is 439828 KB.
1692995777,8154,error,ERROR: BES Not Found Error: Failed to locate '/usr/share/hyrax/${(4444*333 + "_QUALYS")}/${(8888*111 + "_QUALYS")}/catalog.xml' (BESUtil.cc:298), current memory usage is 439828 KB.
1692995777,8154,error,ERROR: BES Not Found Error: Failed to locate '/usr/share/hyrax/data/ncml/###4444#333 + #_QUALYS###/###8888#111 + #_QUALYS###/' (BESUtil.cc:298), current memory usage is 439828 KB.
1692995778,8154,error,ERROR: BES Not Found Error: Failed to locate '/usr/share/hyrax/data/hdf5/###4444#333 + #_QUALYS###/###8888#111 + #_QUALYS###/' (BESUtil.cc:298), current memory usage is 439828 KB.
1692995778,8154,error,ERROR: BES Not Found Error: Failed to locate '/usr/share/hyrax/data/ncml/dmrpp/###4444#333 + #_QUALYS###/###8888#111 + #_QUALYS###' (BESUtil.cc:298), current memory usage is 439828 KB.
1692995779,8154,error,ERROR: BES Not Found Error: Failed to locate '/usr/share/hyrax/data/ncml/agg/grids/###4444#333 + #_QUALYS###/###8888#111 + #_QUALYS###/' (BESUtil.cc:298), current memory usage is 439828 KB.
1692995782,8154,error,ERROR: BES Not Found Error: Failed to locate '/usr/share/hyrax/data/dmrpp/axis2-admin/login' (BESUtil.cc:298), current memory usage is 439828 KB.
1692995783,8154,error,ERROR: BES Not Found Error: Failed to locate '/usr/share/hyrax/data/ff/axis2-admin/login' (BESUtil.cc:298), current memory usage is 439828 KB.
1692995783,8154,error,ERROR: BES Not Found Error: Failed to locate '/usr/share/hyrax/data/hdf4/axis2-admin/login' (BESUtil.cc:298), current memory usage is 439828 KB.
1692995784,8154,error,ERROR: BES Not Found Error: Failed to locate '/usr/share/hyrax/data/dapreader/dap4/D4-xml/axis2-admin/login' (BESUtil.cc:298), current memory usage is 439828 KB.
1692995808,8154,error,ERROR: BES Not Found Error: Failed to locate '/usr/share/hyrax/data/gdal/admin/' (BESUtil.cc:298), current memory usage is 439828 KB.
1692995809,8154,error,ERROR: BES Not Found Error: Failed to locate '/usr/share/hyrax/data/ff/admin/' (BESUtil.cc:298), current memory usage is 439828 KB.
1692995810,8154,error,ERROR: BES Not Found Error: Failed to locate '/usr/share/hyrax/data/dapreader/dap4/admin/' (BESUtil.cc:298), current memory usage is 439828 KB.
1692995811,8154,error,ERROR: BES Not Found Error: Failed to locate '/usr/share/hyrax/data/stare/adm/' (BESUtil.cc:298), current memory usage is 439828 KB.
1692995812,8154,error,ERROR: BES Not Found Error: Failed to locate '/usr/share/hyrax/data/ncml/agg/adm/' (BESUtil.cc:298), current memory usage is 439828 KB.
1692995813,8154,error,ERROR: BES Not Found Error: Failed to locate '/usr/share/hyrax/data/dapreader/dap4/dmr-testsuite/adm/' (BESUtil.cc:298), current memory usage is 439828 KB.
1692995814,8154,error,ERROR: BES Not Found Error: Failed to locate '/usr/share/hyrax/data/hdf4/administration/' (BESUtil.cc:298), current memory usage is 439828 KB.
1692995814,8154,error,ERROR: BES Not Found Error: Failed to locate '/usr/share/hyrax/data/stare/administration/' (BESUtil.cc:298), current memory usage is 439828 KB.
1692995815,8154,error,ERROR: BES Not Found Error: Failed to locate '/usr/share/hyrax/data/ncml/agg/grids/administration/' (BESUtil.cc:298), current memory usage is 439828 KB.
1692995816,8154,error,ERROR: BES Not Found Error: Failed to locate '/usr/share/hyrax/data/dapreader/dap4/D4-xml/administration/' (BESUtil.cc:298), current memory usage is 439828 KB.
1692995819,8154,error,ERROR: BES Not Found Error: Failed to locate '/usr/share/hyrax/data/csv/admin.jsp' (BESUtil.cc:298), current memory usage is 439828 KB.
1692995822,8154,error,ERROR: BES Not Found Error: Failed to locate '/usr/share/hyrax/data/ncml/agg/admin.jsp' (BESUtil.cc:298), current memory usage is 439828 KB.
1692995822,8154,error,ERROR: BES Not Found Error: Failed to locate '/usr/share/hyrax/data/ncml/agg/dated/admin.jsp' (BESUtil.cc:298), current memory usage is 439828 KB.
1692995872,8154,error,ERROR: BES Not Found Error: Failed to locate '/usr/share/hyrax/data/gdal/src/' (BESUtil.cc:298), current memory usage is 439828 KB.
1692995873,8154,error,ERROR: BES Not Found Error: Failed to locate '/usr/share/hyrax/data/dapreader/src/' (BESUtil.cc:298), current memory usage is 439828 KB.
1692995873,8154,error,ERROR: BES Not Found Error: Failed to locate '/usr/share/hyrax/data/stare/src/' (BESUtil.cc:298), current memory usage is 439828 KB.
1692995874,8154,error,ERROR: BES Not Found Error: Failed to locate '/usr/share/hyrax/data/dapreader/dap4/D4-xml/src/' (BESUtil.cc:298), current memory usage is 439828 KB.
1692995874,8154,error,ERROR: BES Not Found Error: Failed to locate '/usr/share/hyrax/data/dapreader/dap4/src/' (BESUtil.cc:298), current memory usage is 439828 KB.
1692995877,8154,error,ERROR: BES Not Found Error: Failed to locate '/usr/share/hyrax/data/dmrpp/common/' (BESUtil.cc:298), current memory usage is 439828 KB.
1692995877,8154,error,ERROR: BES Not Found Error: Failed to locate '/usr/share/hyrax/data/ncml/common/' (BESUtil.cc:298), current memory usage is 439828 KB.
1692995878,8154,error,ERROR: BES Not Found Error: Failed to locate '/usr/share/hyrax/data/hdf5/common/' (BESUtil.cc:298), current memory usage is 439828 KB.
1692995879,8154,error,ERROR: BES Not Found Error: Failed to locate '/usr/share/hyrax/data/ncml/agg/dated/common/' (BESUtil.cc:298), current memory usage is 439828 KB.
1692995881,8154,error,ERROR: BES Not Found Error: Failed to locate '/usr/share/hyrax/data/dapreader/config/' (BESUtil.cc:298), current memory usage is 439828 KB.
1692995881,8154,error,ERROR: BES Not Found Error: Failed to locate '/usr/share/hyrax/data/ugrids/config/' (BESUtil.cc:298), current memory usage is 439828 KB.
1692995882,8154,error,ERROR: BES Not Found Error: Failed to locate '/usr/share/hyrax/data/ncml/agg/dated/config/' (BESUtil.cc:298), current memory usage is 439828 KB.
1692995883,8154,error,ERROR: BES Not Found Error: Failed to locate '/usr/share/hyrax/css/' (BESUtil.cc:298), current memory usage is 439828 KB.
1692995886,8154,error,ERROR: BES Not Found Error: Failed to locate '/usr/share/hyrax/data/ff/css/' (BESUtil.cc:298), current memory usage is 439828 KB.
1692995887,8154,error,ERROR: BES Not Found Error: Failed to locate '/usr/share/hyrax/data/ncml/dmrpp/css/' (BESUtil.cc:298), current memory usage is 439828 KB.
1692995932,8154,error,ERROR: BES Not Found Error: Failed to locate '/usr/share/hyrax/data/dmrpp/docs/' (BESUtil.cc:298), current memory usage is 439828 KB.
1692995932,8154,error,ERROR: BES Not Found Error: Failed to locate '/usr/share/hyrax/data/stare/docs/' (BESUtil.cc:298), current memory usage is 439828 KB.
1692995933,8154,error,ERROR: BES Not Found Error: Failed to locate '/usr/share/hyrax/data/dapreader/dap4/docs/' (BESUtil.cc:298), current memory usage is 439828 KB.
1692995934,8154,error,ERROR: BES Not Found Error: Failed to locate '/usr/share/hyrax/external/' (BESUtil.cc:298), current memory usage is 439828 KB.
1692995936,8154,error,ERROR: BES Not Found Error: Failed to locate '/usr/share/hyrax/data/dapreader/external/' (BESUtil.cc:298), current memory usage is 439828 KB.
1692995937,8154,error,ERROR: BES Not Found Error: Failed to locate '/usr/share/hyrax/data/ncml/agg/dated/external/' (BESUtil.cc:298), current memory usage is 439828 KB.
1692995938,8154,error,ERROR: BES Not Found Error: Failed to locate '/usr/share/hyrax/data/nc/history/' (BESUtil.cc:298), current memory usage is 439828 KB.
1692995940,8154,error,ERROR: BES Not Found Error: Failed to locate '/usr/share/hyrax/data/ncml/dmrpp/history/' (BESUtil.cc:298), current memory usage is 439828 KB.
1692995941,8154,error,ERROR: BES Not Found Error: Failed to locate '/usr/share/hyrax/data/dapreader/dap4/D4-xml/history/' (BESUtil.cc:298), current memory usage is 439828 KB.
1692995942,8154,error,ERROR: BES Not Found Error: Failed to locate '/usr/share/hyrax/data/gdal/include/' (BESUtil.cc:298), current memory usage is 439828 KB.
1692995942,8154,error,ERROR: BES Not Found Error: Failed to locate '/usr/share/hyrax/data/ugrids/include/' (BESUtil.cc:298), current memory usage is 439828 KB.
1692995944,8154,error,ERROR: BES Not Found Error: Failed to locate '/usr/share/hyrax/data/dapreader/dap4/dmr-testsuite/include/' (BESUtil.cc:298), current memory usage is 439828 KB.
1692995944,8154,error,ERROR: BES Not Found Error: Failed to locate '/usr/share/hyrax/data/ncml/dmrpp/include/' (BESUtil.cc:298), current memory usage is 439828 KB.
1692995946,8154,error,ERROR: BES Not Found Error: Failed to locate '/usr/share/hyrax/data/ugrids/includes/' (BESUtil.cc:298), current memory usage is 439828 KB.
1692995947,8154,error,ERROR: BES Not Found Error: Failed to locate '/usr/share/hyrax/data/ncml/includes/' (BESUtil.cc:298), current memory usage is 439828 KB.
1692995948,8154,error,ERROR: BES Not Found Error: Failed to locate '/usr/share/hyrax/data/dapreader/dap4/includes/' (BESUtil.cc:298), current memory usage is 439828 KB.
1692995949,8154,error,ERROR: BES Not Found Error: Failed to locate '/usr/share/hyrax/data/dapreader/dap4/D4-xml/includes/' (BESUtil.cc:298), current memory usage is 439828 KB.
1692995951,8154,error,ERROR: BES Not Found Error: Failed to locate '/usr/share/hyrax/data/ugrids/js/' (BESUtil.cc:298), current memory usage is 439828 KB.
1692995952,8154,error,ERROR: BES Not Found Error: Failed to locate '/usr/share/hyrax/data/hdf4/js/' (BESUtil.cc:298), current memory usage is 439828 KB.
1692995956,8154,error,ERROR: BES Not Found Error: Failed to locate '/usr/share/hyrax/lib/' (BESUtil.cc:298), current memory usage is 439828 KB.
1692995992,8154,error,ERROR: BES Not Found Error: Failed to locate '/usr/share/hyrax/data/dmrpp/lib/' (BESUtil.cc:298), current memory usage is 439828 KB.
1692995992,8154,error,ERROR: BES Not Found Error: Failed to locate '/usr/share/hyrax/data/stare/lib/' (BESUtil.cc:298), current memory usage is 439828 KB.
1692995995,8154,error,ERROR: BES Not Found Error: Failed to locate '/usr/share/hyrax/data/dapreader/dap4/D4-xml/lib/' (BESUtil.cc:298), current memory usage is 439828 KB.
1692995995,8154,error,ERROR: BES Not Found Error: Failed to locate '/usr/share/hyrax/data/dapreader/dap4/lib/' (BESUtil.cc:298), current memory usage is 439828 KB.
1692996001,8154,error,ERROR: BES Not Found Error: Failed to locate '/usr/share/hyrax/data/ncml/test.jsp' (BESUtil.cc:298), current memory usage is 439828 KB.
1692996002,8154,error,ERROR: BES Not Found Error: Failed to locate '/usr/share/hyrax/data/ncml/agg/test.jsp' (BESUtil.cc:298), current memory usage is 439828 KB.
1692996003,8154,error,ERROR: BES Not Found Error: Failed to locate '/usr/share/hyrax/data/ncml/agg/grids/test.jsp' (BESUtil.cc:298), current memory usage is 439828 KB.
1692996009,8154,error,ERROR: BES Not Found Error: Failed to locate '/usr/share/hyrax/data/ncml/bin/' (BESUtil.cc:298), current memory usage is 439828 KB.
1692996011,8154,error,ERROR: BES Not Found Error: Failed to locate '/usr/share/hyrax/data/dapreader/dap4/bin/' (BESUtil.cc:298), current memory usage is 439828 KB.
1692996012,8154,error,ERROR: BES Not Found Error: Failed to locate '/usr/share/hyrax/data/dapreader/dap4/D4-xml/bin/' (BESUtil.cc:298), current memory usage is 439828 KB.
1692996121,8154,error,ERROR: BES Not Found Error: Failed to locate '/usr/share/hyrax/data/gdal/catalog.xml' (BESUtil.cc:298), current memory usage is 439828 KB.
1692996215,8154,error,ERROR: BES Not Found Error: Failed to locate '/usr/share/hyrax/data/dmrpp/catalog.xml' (BESUtil.cc:298), current memory usage is 439828 KB.
1692996226,8154,error,ERROR: BES Not Found Error: Failed to locate '/usr/share/hyrax/data/ncml/catalog.xml' (BESUtil.cc:298), current memory usage is 439828 KB.
1692996229,8154,error,ERROR: BES Not Found Error: Failed to locate '/usr/share/hyrax/data/ncml/agg/catalog.xml' (BESUtil.cc:298), current memory usage is 439828 KB.
1692996230,8154,error,ERROR: BES Not Found Error: Failed to locate '/usr/share/hyrax/data/dapreader/dap4/catalog.xml' (BESUtil.cc:298), current memory usage is 439828 KB.
1692996263,8154,error,ERROR: BES Not Found Error: Failed to locate '/usr/share/hyrax/data/dapreader/dap4/D4-xml/catalog.xml' (BESUtil.cc:298), current memory usage is 439828 KB.
1693010068,8154,error,ERROR: BES Not Found Error: Failed to locate '/usr/share/hyrax/ngap/collections/C1238392622-EEDTEST/granules/f16_ssmis_20210425v7.nc.dap.nc4' (BESUtil.cc:298), current memory usage is 439828 KB.
1693010176,8154,error,ERROR: BES Not Found Error: Failed to locate '/usr/share/hyrax/ngap/collections/C1245662776-EEDTEST/granules/M2T1NXSLV.5.12.4:MERRA2_400.tavg1_2d_slv_Nx.20210609.nc4' (BESUtil.cc:298), current memory usage is 439828 KB.
1693010616,8154,error,ERROR: BES Not Found Error: Failed to locate '/usr/share/hyrax/ngap/collections/C1245618475-EEDTEST/granules/GPM_3IMERGHH.06:3B-HHR.MS.MRG.3IMERG.20200101-S000000-E002959.0000.V06B.HDF5' (BESUtil.cc:298), current memory usage is 439828 KB.
1693010665,8154,error,ERROR: BES Not Found Error: Failed to locate '/usr/share/hyrax/ngap/collections/C1245804308-EEDTEST/granules/NorthSlope_NEE_TVPRM.TVPRM_IVO_BES_ABoVE-LC_NARR_GOSIF_2008.nc4.dap' (BESUtil.cc:298), current memory usage is 439828 KB.
1693227310,8154,error,ERROR: BES Not Found Error: Failed to locate '/usr/share/hyrax/ngap/collections/C1238392622-EEDTEST/granules/f16_ssmis_20210425v7.nc.dap.nc4' (BESUtil.cc:298), current memory usage is 1952056 KB.
1693227494,8154,error,ERROR: BES Not Found Error: Failed to locate '/usr/share/hyrax/ngap/collections/C1245618475-EEDTEST/granules/GPM_3IMERGHH.06:3B-HHR.MS.MRG.3IMERG.20200118-S190000-E192959.1140.V06B.HDF5.dap' (BESUtil.cc:298), current memory usage is 1952352 KB.
1693227514,8154,error,ERROR: BES Not Found Error: Failed to locate '/usr/share/hyrax/ngap/collections/C1245804308-EEDTEST/granules/NorthSlope_NEE_TVPRM.TVPRM_IVO_BES_ABoVE-LC_NARR_GOSIF_2008.nc4.dap' (BESUtil.cc:298), current memory usage is 1952352 KB.
1692899656,22196,error,CredentialsManager::load_credentials() - CredentialsManager config file /etc/bes/credentials.conf was specified but is not present.1692899656,184,timing,elapsed_us,191166,start_us,1692899656758653,stop_us,1692899656949819,-,DmrppArray::read_super_chunks_unconstrained_concurrent() -  name: dt_analysis
1692900017,22196,error,ERROR: BES User Syntax Error: This dataset contains variables and/or attributes whose data types are not compatible with the 
1692924087,22196,error,ERROR - The HTTP GET request for the source URL: https://d16xwb4cnl582v.cloudfront.net/podaac-swot-sit-cumulus-protected/SWOT_L2_RAD_IGDR_1.0/SWOT_IPRAD_2PaP002_026_20230811_234459_20230812_003634_PIA1_03.nc.dmrpp FAILED. CURLINFO_EFFECTIVE_URL: https://d16xwb4cnl582v.cloudfront.net/podaac-swot-sit-cumulus-protected/SWOT_L2_RAD_IGDR_1.0/SWOT_IPRAD_2PaP002_026_20230811_234459_20230812_003634_PIA1_03.nc.dmrpp The response had an HTTP status of 403 which means Forbidden: Contact the server administrator.
1692924087,22196,error,ERROR: BES Forbidden Error: ERROR - The HTTP GET request for the source URL: https://d16xwb4cnl582v.cloudfront.net/podaac-swot-sit-cumulus-protected/SWOT_L2_RAD_IGDR_1.0/SWOT_IPRAD_2PaP002_026_20230811_234459_20230812_003634_PIA1_03.nc.dmrpp FAILED. CURLINFO_EFFECTIVE_URL: https://d16xwb4cnl582v.cloudfront.net/podaac-swot-sit-cumulus-protected/SWOT_L2_RAD_IGDR_1.0/SWOT_IPRAD_2PaP002_026_20230811_234459_20230812_003634_PIA1_03.nc.dmrpp The response had an HTTP status of 403 which means Forbidden: Contact the server administrator. (CurlUtils.cc:832), current memory usage is 7293660 KB.
1692924918,22196,error,ERROR - The HTTP GET request for the source URL: https://d16xwb4cnl582v.cloudfront.net/podaac-swot-sit-cumulus-protected/SWOT_L2_RAD_IGDR_1.0/SWOT_IPRAD_2PaP002_026_20230811_234459_20230812_003634_PIA1_03.nc.dmrpp FAILED. CURLINFO_EFFECTIVE_URL: https://d16xwb4cnl582v.cloudfront.net/podaac-swot-sit-cumulus-protected/SWOT_L2_RAD_IGDR_1.0/SWOT_IPRAD_2PaP002_026_20230811_234459_20230812_003634_PIA1_03.nc.dmrpp The response had an HTTP status of 403 which means Forbidden: Contact the server administrator.
1692924918,22196,error,ERROR: BES Forbidden Error: ERROR - The HTTP GET request for the source URL: https://d16xwb4cnl582v.cloudfront.net/podaac-swot-sit-cumulus-protected/SWOT_L2_RAD_IGDR_1.0/SWOT_IPRAD_2PaP002_026_20230811_234459_20230812_003634_PIA1_03.nc.dmrpp FAILED. CURLINFO_EFFECTIVE_URL: https://d16xwb4cnl582v.cloudfront.net/podaac-swot-sit-cumulus-protected/SWOT_L2_RAD_IGDR_1.0/SWOT_IPRAD_2PaP002_026_20230811_234459_20230812_003634_PIA1_03.nc.dmrpp The response had an HTTP status of 403 which means Forbidden: Contact the server administrator. (CurlUtils.cc:832), current memory usage is 7293660 KB.
1692925727,22196,error,ERROR: BES Internal Error: Failed to acquire byte buffer from which to read string array data. (DmrppArray.cc:1727), current memory usage is 7293660 KB.
1692926137,22196,error,ERROR: BES Internal Error: Failed to acquire byte buffer from which to read string array data. (DmrppArray.cc:1727), current memory usage is 7293660 KB.
1692926167,22196,error,ERROR: BES Internal Error: Failed to acquire byte buffer from which to read string array data. (DmrppArray.cc:1727), current memory usage is 7293660 KB.
1692926998,22196,error,ERROR: BES Internal Error: Failed to acquire byte buffer from which to read string array data. (DmrppArray.cc:1727), current memory usage is 7293660 KB.
1692991509,22196,error,ERROR: BES Not Found Error: Failed to locate '/usr/share/hyrax/catalog.xml' (BESUtil.cc:298), current memory usage is 7293660 KB.
1692992578,22196,error,ERROR: BES Not Found Error: Failed to locate '/usr/share/hyrax/data/ncml/dmrpp/catalog.xml' (BESUtil.cc:298), current memory usage is 7293660 KB.
1692992976,22196,error,ERROR: BES Not Found Error: Failed to locate '/usr/share/hyrax/data/gdal/APIs/' (BESUtil.cc:298), current memory usage is 7293660 KB.
1692992977,22196,error,ERROR: BES Not Found Error: Failed to locate '/usr/share/hyrax/data/dapreader/APIs/' (BESUtil.cc:298), current memory usage is 7293660 KB.
1692992977,22196,error,ERROR: BES Not Found Error: Failed to locate '/usr/share/hyrax/data/ncml/dmrpp/APIs/' (BESUtil.cc:298), current memory usage is 7293660 KB.
1692992978,22196,error,ERROR: BES Not Found Error: Failed to locate '/usr/share/hyrax/data/dmrpp/service/' (BESUtil.cc:298), current memory usage is 7293660 KB.
1692992978,22196,error,ERROR: BES Not Found Error: Failed to locate '/usr/share/hyrax/data/ncml/agg/dated/APIs/' (BESUtil.cc:298), current memory usage is 7293660 KB.
1692992979,22196,error,ERROR: BES Not Found Error: Failed to locate '/usr/share/hyrax/data/ff/service/' (BESUtil.cc:298), current memory usage is 7293660 KB.
1692992979,22196,error,ERROR: BES Not Found Error: Failed to locate '/usr/share/hyrax/data/ncml/agg/service/' (BESUtil.cc:298), current memory usage is 7293660 KB.
1692992980,22196,error,ERROR: BES Not Found Error: Failed to locate '/usr/share/hyrax/data/ncml/agg/dated/service/' (BESUtil.cc:298), current memory usage is 7293660 KB.
1692992981,22196,error,ERROR: BES Not Found Error: Failed to locate '/usr/share/hyrax/data/csv/Service/' (BESUtil.cc:298), current memory usage is 7293660 KB.
1692992982,22196,error,ERROR: BES Not Found Error: Failed to locate '/usr/share/hyrax/data/hdf5/Service/' (BESUtil.cc:298), current memory usage is 7293660 KB.
1692992983,22196,error,ERROR: BES Not Found Error: Failed to locate '/usr/share/hyrax/data/dapreader/dap4/D4-xml/Service/' (BESUtil.cc:298), current memory usage is 7293660 KB.
1692992984,22196,error,ERROR: BES Not Found Error: Failed to locate '/usr/share/hyrax/data/dmrpp/SERVICE/' (BESUtil.cc:298), current memory usage is 7293660 KB.
1692992985,22196,error,ERROR: BES Not Found Error: Failed to locate '/usr/share/hyrax/data/dapreader/SERVICE/' (BESUtil.cc:298), current memory usage is 7293660 KB.
1692992985,22196,error,ERROR: BES Not Found Error: Failed to locate '/usr/share/hyrax/data/ncml/agg/SERVICE/' (BESUtil.cc:298), current memory usage is 7293660 KB.
1692992986,22196,error,ERROR: BES Not Found Error: Failed to locate '/usr/share/hyrax/data/dapreader/dap4/D4-xml/SERVICE/' (BESUtil.cc:298), current memory usage is 7293660 KB.
1692992989,22196,error,ERROR: BES Not Found Error: Failed to locate '/usr/share/hyrax/data/dapreader/WebService/' (BESUtil.cc:298), current memory usage is 7293660 KB.
1692992991,22196,error,ERROR: BES Not Found Error: Failed to locate '/usr/share/hyrax/data/dapreader/dap4/WebService/' (BESUtil.cc:298), current memory usage is 7293660 KB.
1692992994,22196,error,ERROR: BES Not Found Error: Failed to locate '/usr/share/hyrax/ws/' (BESUtil.cc:298), current memory usage is 7293660 KB.
1692993033,22196,error,ERROR: BES Not Found Error: Failed to locate '/usr/share/hyrax/data/ugrids/ws/' (BESUtil.cc:298), current memory usage is 7293660 KB.
1692993034,22196,error,ERROR: BES Not Found Error: Failed to locate '/usr/share/hyrax/data/dapreader/ws/' (BESUtil.cc:298), current memory usage is 7293660 KB.
1692993036,22196,error,ERROR: BES Not Found Error: Failed to locate '/usr/share/hyrax/data/dapreader/dap4/dmr-testsuite/ws/' (BESUtil.cc:298), current memory usage is 7293660 KB.
1692993037,22196,error,ERROR: BES Not Found Error: Failed to locate '/usr/share/hyrax/data/gdal/WS/' (BESUtil.cc:298), current memory usage is 7293660 KB.
1692993037,22196,error,ERROR: BES Not Found Error: Failed to locate '/usr/share/hyrax/data/stare/WS/' (BESUtil.cc:298), current memory usage is 7293660 KB.
1692993038,22196,error,ERROR: BES Not Found Error: Failed to locate '/usr/share/hyrax/data/hdf4/WS/' (BESUtil.cc:298), current memory usage is 7293660 KB.
1692993039,22196,error,ERROR: BES Not Found Error: Failed to locate '/usr/share/hyrax/data/ncml/agg/dated/WS/' (BESUtil.cc:298), current memory usage is 7293660 KB.
1692993040,22196,error,ERROR: BES Not Found Error: Failed to locate '/usr/share/hyrax/data/gdal/wsdl/' (BESUtil.cc:298), current memory usage is 7293660 KB.
1692993041,22196,error,ERROR: BES Not Found Error: Failed to locate '/usr/share/hyrax/data/ncml/wsdl/' (BESUtil.cc:298), current memory usage is 7293660 KB.
1692993042,22196,error,ERROR: BES Not Found Error: Failed to locate '/usr/share/hyrax/data/ncml/agg/wsdl/' (BESUtil.cc:298), current memory usage is 7293660 KB.
1692993043,22196,error,ERROR: BES Not Found Error: Failed to locate '/usr/share/hyrax/data/WSDL/' (BESUtil.cc:298), current memory usage is 7293660 KB.
1692993044,22196,error,ERROR: BES Not Found Error: Failed to locate '/usr/share/hyrax/data/dmrpp/WSDL/' (BESUtil.cc:298), current memory usage is 7293660 KB.
1692993046,22196,error,ERROR: BES Not Found Error: Failed to locate '/usr/share/hyrax/data/dapreader/dap4/dmr-testsuite/WSDL/' (BESUtil.cc:298), current memory usage is 7293660 KB.
1692993046,22196,error,ERROR: BES Not Found Error: Failed to locate '/usr/share/hyrax/data/ncml/agg/WSDL/' (BESUtil.cc:298), current memory usage is 7293660 KB.
1692993102,22196,error,ERROR: BES Not Found Error: Failed to locate '/usr/share/hyrax/data/catalog.xml' (BESUtil.cc:298), current memory usage is 7293660 KB.
1692993103,22196,error,ERROR: BES Not Found Error: Failed to locate '/usr/share/hyrax/data/ncml/agg/catalog.xml' (BESUtil.cc:298), current memory usage is 7293660 KB.
1692993103,22196,error,ERROR: BES Not Found Error: Failed to locate '/usr/share/hyrax/data/ncml/catalog.xml' (BESUtil.cc:298), current memory usage is 7293660 KB.
1692993110,22196,error,ERROR: BES Not Found Error: Failed to locate '/usr/share/hyrax/data/dmrpp/api.jsp' (BESUtil.cc:298), current memory usage is 7293660 KB.
1692993110,22196,error,ERROR: BES Not Found Error: Failed to locate '/usr/share/hyrax/data/stare/api.jsp' (BESUtil.cc:298), current memory usage is 7293660 KB.
1692993111,22196,error,ERROR: BES Not Found Error: Failed to locate '/usr/share/hyrax/data/ncml/agg/grids/api.jsp' (BESUtil.cc:298), current memory usage is 7293660 KB.
1692993112,22196,error,ERROR: BES Not Found Error: Failed to locate '/usr/share/hyrax/data/ff/service.jsp' (BESUtil.cc:298), current memory usage is 7293660 KB.
1692993112,22196,error,ERROR: BES Not Found Error: Failed to locate '/usr/share/hyrax/data/nc/service.jsp' (BESUtil.cc:298), current memory usage is 7293660 KB.
1692993113,22196,error,ERROR: BES Not Found Error: Failed to locate '/usr/share/hyrax/data/ncml/agg/dated/service.jsp' (BESUtil.cc:298), current memory usage is 7293660 KB.
1692993113,22196,error,ERROR: BES Not Found Error: Failed to locate '/usr/share/hyrax/data/ncml/agg/service.jsp' (BESUtil.cc:298), current memory usage is 7293660 KB.
1692993114,22196,error,ERROR: BES Not Found Error: Failed to locate '/usr/share/hyrax/data/csv/ws.jsp' (BESUtil.cc:298), current memory usage is 7293660 KB.
1692993114,22196,error,ERROR: BES Not Found Error: Failed to locate '/usr/share/hyrax/data/dmrpp/ws.jsp' (BESUtil.cc:298), current memory usage is 7293660 KB.
1692993115,22196,error,ERROR: BES Not Found Error: Failed to locate '/usr/share/hyrax/data/ncml/agg/dated/ws.jsp' (BESUtil.cc:298), current memory usage is 7293660 KB.
1692993118,22196,error,ERROR: BES Not Found Error: Failed to locate '/usr/share/hyrax/data/gdal/catalog.xml' (BESUtil.cc:298), current memory usage is 7293660 KB.
1692993133,22196,error,ERROR: BES Not Found Error: Failed to locate '/usr/share/hyrax/data/dapreader/catalog.xml' (BESUtil.cc:298), current memory usage is 7293660 KB.
1692993136,22196,error,ERROR: BES Not Found Error: Failed to locate '/usr/share/hyrax/data/ncml/agg/grids/catalog.xml' (BESUtil.cc:298), current memory usage is 7293660 KB.
1692993275,22196,error,ERROR: BES Not Found Error: Failed to locate '/usr/share/hyrax/data/ugrids/catalog.xml' (BESUtil.cc:298), current memory usage is 7293660 KB.
1692993354,22196,error,ERROR: BES Not Found Error: Failed to locate '/usr/share/hyrax/data/ncml/agg/dated/catalog.xml' (BESUtil.cc:298), current memory usage is 7293660 KB.
1692993777,22196,error,ERROR: BES Not Found Error: Failed to locate '/usr/share/hyrax/data/hdf4/catalog.xml' (BESUtil.cc:298), current memory usage is 7293660 KB.
1692993782,22196,error,ERROR: BES Not Found Error: Failed to locate '/usr/share/hyrax/data/ncml/agg/catalog.xml' (BESUtil.cc:298), current memory usage is 7293660 KB.
1692993863,22196,error,ERROR: BES Not Found Error: Failed to locate '/usr/share/hyrax/data/gdal/catalog.xml' (BESUtil.cc:298), current memory usage is 7293660 KB.
1692993865,22196,error,ERROR: BES Not Found Error: Failed to locate '/usr/share/hyrax/data/hdf5/catalog.xml' (BESUtil.cc:298), current memory usage is 7293660 KB.
1692993885,22196,error,ERROR: BES Not Found Error: Failed to locate '/usr/share/hyrax/data/catalog.xml' (BESUtil.cc:298), current memory usage is 7293660 KB.
1692993890,22196,error,ERROR: BES Not Found Error: Failed to locate '/usr/share/hyrax/data/dapreader/dap4/catalog.xml' (BESUtil.cc:298), current memory usage is 7293660 KB.
1692993958,22196,error,ERROR: BES Not Found Error: Failed to locate '/usr/share/hyrax/data/ncml/agg/dated/catalog.xml' (BESUtil.cc:298), current memory usage is 7293660 KB.
1692993976,22196,error,ERROR: BES Not Found Error: Failed to locate '/usr/share/hyrax/data/dapreader/dap4/dmr-testsuite/catalog.xml' (BESUtil.cc:298), current memory usage is 7293660 KB.
1692994381,22196,error,ERROR: BES Not Found Error: Failed to locate '/usr/share/hyrax/data/hdf4/catalog.xml' (BESUtil.cc:298), current memory usage is 7293660 KB.
1692994390,22196,error,ERROR: BES Not Found Error: Failed to locate '/usr/share/hyrax/data/nc/catalog.xml' (BESUtil.cc:298), current memory usage is 7293660 KB.
1692994424,22196,error,ERROR: BES Not Found Error: Failed to locate '/usr/share/hyrax/data/ncml/dmrpp/catalog.xml' (BESUtil.cc:298), current memory usage is 7293660 KB.
1692994456,22196,error,ERROR: BES Not Found Error: Failed to locate '/usr/share/hyrax/data/csv/catalog.xml' (BESUtil.cc:298), current memory usage is 7293660 KB.
1692994458,22196,error,ERROR: BES Not Found Error: Failed to locate '/usr/share/hyrax/data/dapreader/catalog.xml' (BESUtil.cc:298), current memory usage is 7293660 KB.
1692994471,22196,error,ERROR: BES Not Found Error: Failed to locate '/usr/share/hyrax/data/dmrpp/catalog.xml' (BESUtil.cc:298), current memory usage is 7293660 KB.
1692994521,22196,error,ERROR: BES Not Found Error: Failed to locate '/usr/share/hyrax/data/gdal/catalog.xml' (BESUtil.cc:298), current memory usage is 7293660 KB.
1692994523,22196,error,ERROR: BES Not Found Error: Failed to locate '/usr/share/hyrax/data/hdf5/catalog.xml' (BESUtil.cc:298), current memory usage is 7293660 KB.
1692994844,22196,error,ERROR: BES Not Found Error: Failed to locate '/usr/share/hyrax/data/ncml/agg/dated/catalog.xml' (BESUtil.cc:298), current memory usage is 7293660 KB.
1692995073,22196,error,ERROR: BES Not Found Error: Failed to locate '/usr/share/hyrax/data/hdf4/catalog.xml' (BESUtil.cc:298), current memory usage is 7293660 KB.
1692995144,22196,error,ERROR: BES Not Found Error: Failed to locate '/usr/share/hyrax/data/stare/catalog.xml' (BESUtil.cc:298), current memory usage is 7293660 KB.
1692995776,22196,error,ERROR: BES Not Found Error: Failed to locate '/usr/share/hyrax/###4444#333 + #_QUALYS###/###8888#111 + #_QUALYS###/' (BESUtil.cc:298), current memory usage is 7293660 KB.
1692995777,22196,error,ERROR: BES Not Found Error: Failed to locate '/usr/share/hyrax/data/ff/###4444#333 + #_QUALYS###/###8888#111 + #_QUALYS###/' (BESUtil.cc:298), current memory usage is 7293660 KB.
1692995777,22196,error,ERROR: BES Not Found Error: Failed to locate '/usr/share/hyrax/data/ugrids/###4444#333 + #_QUALYS###/###8888#111 + #_QUALYS###/' (BESUtil.cc:298), current memory usage is 7293660 KB.
1692995778,22196,error,ERROR: BES Not Found Error: Failed to locate '/usr/share/hyrax/data/dapreader/dap4/dmr-testsuite/###4444#333 + #_QUALYS###/###8888#111 + #_QUALYS###/' (BESUtil.cc:298), current memory usage is 7293660 KB.
1692995778,22196,error,ERROR: BES Not Found Error: Failed to locate '/usr/share/hyrax/data/ncml/dmrpp/${(4444*333 + "_QUALYS")}/${(8888*111 + "_QUALYS")}/catalog.xml' (BESUtil.cc:298), current memory usage is 7293660 KB.
1692995782,22196,error,ERROR: BES Not Found Error: Failed to locate '/usr/share/hyrax/axis2-admin/login' (BESUtil.cc:298), current memory usage is 7293660 KB.
1692995783,22196,error,ERROR: BES Not Found Error: Failed to locate '/usr/share/hyrax/data/hdf5/axis2-admin/login' (BESUtil.cc:298), current memory usage is 7293660 KB.
1692995783,22196,error,ERROR: BES Not Found Error: Failed to locate '/usr/share/hyrax/data/stare/axis2-admin/login' (BESUtil.cc:298), current memory usage is 7293660 KB.
1692995784,22196,error,ERROR: BES Not Found Error: Failed to locate '/usr/share/hyrax/data/ncml/agg/dated/axis2-admin/login' (BESUtil.cc:298), current memory usage is 7293660 KB.
1692995808,22196,error,ERROR: BES Not Found Error: Failed to locate '/usr/share/hyrax/data/nc/admin/' (BESUtil.cc:298), current memory usage is 7293660 KB.
1692995809,22196,error,ERROR: BES Not Found Error: Failed to locate '/usr/share/hyrax/data/csv/admin/' (BESUtil.cc:298), current memory usage is 7293660 KB.
1692995810,22196,error,ERROR: BES Not Found Error: Failed to locate '/usr/share/hyrax/data/dapreader/dap4/D4-xml/admin/' (BESUtil.cc:298), current memory usage is 7293660 KB.
1692995810,22196,error,ERROR: BES Not Found Error: Failed to locate '/usr/share/hyrax/data/ncml/agg/admin/' (BESUtil.cc:298), current memory usage is 7293660 KB.
1692995812,22196,error,ERROR: BES Not Found Error: Failed to locate '/usr/share/hyrax/data/dapreader/dap4/adm/' (BESUtil.cc:298), current memory usage is 7293660 KB.
1692995812,22196,error,ERROR: BES Not Found Error: Failed to locate '/usr/share/hyrax/data/ncml/agg/dated/adm/' (BESUtil.cc:298), current memory usage is 7293660 KB.
1692995813,22196,error,ERROR: BES Not Found Error: Failed to locate '/usr/share/hyrax/data/gdal/administration/' (BESUtil.cc:298), current memory usage is 7293660 KB.
1692995814,22196,error,ERROR: BES Not Found Error: Failed to locate '/usr/share/hyrax/data/ff/administration/' (BESUtil.cc:298), current memory usage is 7293660 KB.
1692995815,22196,error,ERROR: BES Not Found Error: Failed to locate '/usr/share/hyrax/data/dapreader/dap4/dmr-testsuite/administration/' (BESUtil.cc:298), current memory usage is 7293660 KB.
1692995815,22196,error,ERROR: BES Not Found Error: Failed to locate '/usr/share/hyrax/data/ncml/agg/administration/' (BESUtil.cc:298), current memory usage is 7293660 KB.
1692995819,22196,error,ERROR: BES Not Found Error: Failed to locate '/usr/share/hyrax/data/dmrpp/admin.jsp' (BESUtil.cc:298), current memory usage is 7293660 KB.
1692995820,22196,error,ERROR: BES Not Found Error: Failed to locate '/usr/share/hyrax/data/ff/admin.jsp' (BESUtil.cc:298), current memory usage is 7293660 KB.
1692995822,22196,error,ERROR: BES Not Found Error: Failed to locate '/usr/share/hyrax/data/ncml/agg/grids/admin.jsp' (BESUtil.cc:298), current memory usage is 7293660 KB.
1692995872,22196,error,ERROR: BES Not Found Error: Failed to locate '/usr/share/hyrax/data/ugrids/src/' (BESUtil.cc:298), current memory usage is 7293660 KB.
1692995872,22196,error,ERROR: BES Not Found Error: Failed to locate '/usr/share/hyrax/src/' (BESUtil.cc:298), current memory usage is 7293660 KB.
1692995873,22196,error,ERROR: BES Not Found Error: Failed to locate '/usr/share/hyrax/data/ncml/dmrpp/src/' (BESUtil.cc:298), current memory usage is 7293660 KB.
1692995873,22196,error,ERROR: BES Not Found Error: Failed to locate '/usr/share/hyrax/data/ncml/src/' (BESUtil.cc:298), current memory usage is 7293660 KB.
1692995874,22196,error,ERROR: BES Not Found Error: Failed to locate '/usr/share/hyrax/data/dapreader/dap4/dmr-testsuite/src/' (BESUtil.cc:298), current memory usage is 7293660 KB.
1692995877,22196,error,ERROR: BES Not Found Error: Failed to locate '/usr/share/hyrax/data/gdal/common/' (BESUtil.cc:298), current memory usage is 7293660 KB.
1692995877,22196,error,ERROR: BES Not Found Error: Failed to locate '/usr/share/hyrax/data/stare/common/' (BESUtil.cc:298), current memory usage is 7293660 KB.
1692995878,22196,error,ERROR: BES Not Found Error: Failed to locate '/usr/share/hyrax/data/hdf4/common/' (BESUtil.cc:298), current memory usage is 7293660 KB.
1692995879,22196,error,ERROR: BES Not Found Error: Failed to locate '/usr/share/hyrax/data/ncml/agg/grids/common/' (BESUtil.cc:298), current memory usage is 7293660 KB.
1692995880,22196,error,ERROR: BES Not Found Error: Failed to locate '/usr/share/hyrax/data/gdal/config/' (BESUtil.cc:298), current memory usage is 7293660 KB.
1692995881,22196,error,ERROR: BES Not Found Error: Failed to locate '/usr/share/hyrax/data/ff/config/' (BESUtil.cc:298), current memory usage is 7293660 KB.
1692995882,22196,error,ERROR: BES Not Found Error: Failed to locate '/usr/share/hyrax/data/ncml/dmrpp/config/' (BESUtil.cc:298), current memory usage is 7293660 KB.
1692995883,22196,error,ERROR: BES Not Found Error: Failed to locate '/usr/share/hyrax/data/dapreader/dap4/dmr-testsuite/config/' (BESUtil.cc:298), current memory usage is 7293660 KB.
1692995885,22196,error,ERROR: BES Not Found Error: Failed to locate '/usr/share/hyrax/data/stare/css/' (BESUtil.cc:298), current memory usage is 7293660 KB.
1692995886,22196,error,ERROR: BES Not Found Error: Failed to locate '/usr/share/hyrax/data/hdf4/css/' (BESUtil.cc:298), current memory usage is 7293660 KB.
1692995888,22196,error,ERROR: BES Not Found Error: Failed to locate '/usr/share/hyrax/data/ncml/agg/dated/css/' (BESUtil.cc:298), current memory usage is 7293660 KB.
1692995932,22196,error,ERROR: BES Not Found Error: Failed to locate '/usr/share/hyrax/data/csv/docs/' (BESUtil.cc:298), current memory usage is 7293660 KB.
1692995933,22196,error,ERROR: BES Not Found Error: Failed to locate '/usr/share/hyrax/data/ncml/agg/docs/' (BESUtil.cc:298), current memory usage is 7293660 KB.
1692995934,22196,error,ERROR: BES Not Found Error: Failed to locate '/usr/share/hyrax/data/ncml/agg/dated/docs/' (BESUtil.cc:298), current memory usage is 7293660 KB.
1692995936,22196,error,ERROR: BES Not Found Error: Failed to locate '/usr/share/hyrax/data/ff/external/' (BESUtil.cc:298), current memory usage is 7293660 KB.
1692995937,22196,error,ERROR: BES Not Found Error: Failed to locate '/usr/share/hyrax/data/dapreader/dap4/external/' (BESUtil.cc:298), current memory usage is 7293660 KB.
1692995938,22196,error,ERROR: BES Not Found Error: Failed to locate '/usr/share/hyrax/data/gdal/history/' (BESUtil.cc:298), current memory usage is 7293660 KB.
1692995939,22196,error,ERROR: BES Not Found Error: Failed to locate '/usr/share/hyrax/data/stare/history/' (BESUtil.cc:298), current memory usage is 7293660 KB.
1692995940,22196,error,ERROR: BES Not Found Error: Failed to locate '/usr/share/hyrax/data/ncml/agg/dated/history/' (BESUtil.cc:298), current memory usage is 7293660 KB.
1692995941,22196,error,ERROR: BES Not Found Error: Failed to locate '/usr/share/hyrax/data/include/' (BESUtil.cc:298), current memory usage is 7293660 KB.
1692995942,22196,error,ERROR: BES Not Found Error: Failed to locate '/usr/share/hyrax/data/dmrpp/include/' (BESUtil.cc:298), current memory usage is 7293660 KB.
1692995943,22196,error,ERROR: BES Not Found Error: Failed to locate '/usr/share/hyrax/data/hdf4/include/' (BESUtil.cc:298), current memory usage is 7293660 KB.
1692995944,22196,error,ERROR: BES Not Found Error: Failed to locate '/usr/share/hyrax/data/ncml/agg/grids/include/' (BESUtil.cc:298), current memory usage is 7293660 KB.
1692995946,22196,error,ERROR: BES Not Found Error: Failed to locate '/usr/share/hyrax/data/dmrpp/includes/' (BESUtil.cc:298), current memory usage is 7293660 KB.
1692995947,22196,error,ERROR: BES Not Found Error: Failed to locate '/usr/share/hyrax/data/stare/includes/' (BESUtil.cc:298), current memory usage is 7293660 KB.
1692995948,22196,error,ERROR: BES Not Found Error: Failed to locate '/usr/share/hyrax/data/ncml/agg/includes/' (BESUtil.cc:298), current memory usage is 7293660 KB.
1692995949,22196,error,ERROR: BES Not Found Error: Failed to locate '/usr/share/hyrax/data/dapreader/dap4/dmr-testsuite/includes/' (BESUtil.cc:298), current memory usage is 7293660 KB.
1692995950,22196,error,ERROR: BES Not Found Error: Failed to locate '/usr/share/hyrax/data/dmrpp/js/' (BESUtil.cc:298), current memory usage is 7293660 KB.
1692995952,22196,error,ERROR: BES Not Found Error: Failed to locate '/usr/share/hyrax/data/ff/js/' (BESUtil.cc:298), current memory usage is 7293660 KB.
1692995953,22196,error,ERROR: BES Not Found Error: Failed to locate '/usr/share/hyrax/data/dapreader/dap4/js/' (BESUtil.cc:298), current memory usage is 7293660 KB.
1692995991,22196,error,ERROR: BES Not Found Error: Failed to locate '/usr/share/hyrax/data/nc/lib/' (BESUtil.cc:298), current memory usage is 7293660 KB.
1692995992,22196,error,ERROR: BES Not Found Error: Failed to locate '/usr/share/hyrax/data/csv/lib/' (BESUtil.cc:298), current memory usage is 7293660 KB.
1692995994,22196,error,ERROR: BES Not Found Error: Failed to locate '/usr/share/hyrax/data/hdf4/lib/' (BESUtil.cc:298), current memory usage is 7293660 KB.
1692995995,22196,error,ERROR: BES Not Found Error: Failed to locate '/usr/share/hyrax/data/dapreader/dap4/dmr-testsuite/lib/' (BESUtil.cc:298), current memory usage is 7293660 KB.
1692996000,22196,error,ERROR: BES Not Found Error: Failed to locate '/usr/share/hyrax/data/csv/test.jsp' (BESUtil.cc:298), current memory usage is 7293660 KB.
1692996002,22196,error,ERROR: BES Not Found Error: Failed to locate '/usr/share/hyrax/data/dapreader/dap4/test.jsp' (BESUtil.cc:298), current memory usage is 7293660 KB.
1692996002,22196,error,ERROR: BES Not Found Error: Failed to locate '/usr/share/hyrax/data/hdf4/test.jsp' (BESUtil.cc:298), current memory usage is 7293660 KB.
1692996008,22196,error,ERROR: BES Not Found Error: Failed to locate '/usr/share/hyrax/data/ugrids/bin/' (BESUtil.cc:298), current memory usage is 7293660 KB.
1692996010,22196,error,ERROR: BES Not Found Error: Failed to locate '/usr/share/hyrax/data/hdf4/bin/' (BESUtil.cc:298), current memory usage is 7293660 KB.
1692996012,22196,error,ERROR: BES Not Found Error: Failed to locate '/usr/share/hyrax/data/dapreader/dap4/dmr-testsuite/bin/' (BESUtil.cc:298), current memory usage is 7293660 KB.
1692996222,22196,error,ERROR: BES Not Found Error: Failed to locate '/usr/share/hyrax/data/ugrids/catalog.xml' (BESUtil.cc:298), current memory usage is 7293660 KB.
1692996227,22196,error,ERROR: BES Not Found Error: Failed to locate '/usr/share/hyrax/data/hdf5/catalog.xml' (BESUtil.cc:298), current memory usage is 7293660 KB.
1692996231,22196,error,ERROR: BES Not Found Error: Failed to locate '/usr/share/hyrax/data/ncml/agg/dated/catalog.xml' (BESUtil.cc:298), current memory usage is 7293660 KB.
1692996283,22196,error,ERROR: BES Not Found Error: Failed to locate '/usr/share/hyrax/data/stare/catalog.xml' (BESUtil.cc:298), current memory usage is 7293660 KB.
1692996290,22196,error,ERROR: BES Not Found Error: Failed to locate '/usr/share/hyrax/data/ncml/agg/grids/catalog.xml' (BESUtil.cc:298), current memory usage is 7293660 KB.
1693010068,22196,error,ERROR: BES Not Found Error: Failed to locate '/usr/share/hyrax/ngap/collections/C1238392622-EEDTEST/granules/f16_ssmis_20210425v7.nc.dap' (BESUtil.cc:298), current memory usage is 7293660 KB.
1693010176,22196,error,ERROR: BES Not Found Error: Failed to locate '/usr/share/hyrax/ngap/collections/C1245662776-EEDTEST/granules/M2T1NXSLV.5.12.4:MERRA2_400.tavg1_2d_slv_Nx.20210609.nc4.dap.nc4' (BESUtil.cc:298), current memory usage is 7293660 KB.
1693010616,22196,error,ERROR: BES Not Found Error: Failed to locate '/usr/share/hyrax/ngap/collections/C1245618475-EEDTEST/granules/GPM_3IMERGHH.06:3B-HHR.MS.MRG.3IMERG.20200101-S000000-E002959.0000.V06B.HDF5.dap.nc4' (BESUtil.cc:298), current memory usage is 7293660 KB.
1693010665,22196,error,ERROR: BES Not Found Error: Failed to locate '/usr/share/hyrax/ngap/collections/C1245804308-EEDTEST/granules/NorthSlope_NEE_TVPRM.TVPRM_IVO_BES_ABoVE-LC_NARR_GOSIF_2008.nc4' (BESUtil.cc:298), current memory usage is 7293660 KB.
1693227310,22196,error,ERROR: BES Not Found Error: Failed to locate '/usr/share/hyrax/ngap/collections/C1238392622-EEDTEST/granules/f16_ssmis_20210425v7.nc.dap' (BESUtil.cc:298), current memory usage is 7293660 KB.
1693227417,22196,error,ERROR: BES Not Found Error: Failed to locate '/usr/share/hyrax/ngap/collections/C1245662776-EEDTEST/granules/M2T1NXSLV.5.12.4:MERRA2_400.tavg1_2d_slv_Nx.20210609.nc4.dap.nc4' (BESUtil.cc:298), current memory usage is 7293660 KB.
1693227494,22196,error,ERROR: BES Not Found Error: Failed to locate '/usr/share/hyrax/ngap/collections/C1245618475-EEDTEST/granules/GPM_3IMERGHH.06:3B-HHR.MS.MRG.3IMERG.20200118-S190000-E192959.1140.V06B.HDF5' (BESUtil.cc:298), current memory usage is 7293660 KB.
1693227514,22196,error,ERROR: BES Not Found Error: Failed to locate '/usr/share/hyrax/ngap/collections/C1245804308-EEDTEST/granules/NorthSlope_NEE_TVPRM.TVPRM_IVO_BES_ABoVE-LC_NARR_GOSIF_2008.nc4' (BESUtil.cc:298), current memory usage is 7293660 KB.
1693234931,22196,error,ERROR: BES Not Found Error: The specified path 'collections/C1215802944-GES_DISC/granules/M2T1NXSLV.5.12.4:MERRA2_100.tavg1_2d_slv_Nx.19800101' does not identify a granule in CMR. (NgapApi.cc:325), current memory usage is 7293660 KB.
1693253086,22196,error,ERROR: BES Not Found Error: The specified path 'collections/C1247485678-LARC_CLOUD/granules/TEMPO_NO2_L3_V01_20130701T215955Z_S010' does not identify a granule in CMR. (NgapApi.cc:325), current memory usage is 7293660 KB.
