1692824540,61,info,DmrppRequestHandler::DmrppRequestHandler() - Concurrent Compute Threads: Enabled. max_compute_threads: 512
1692824540,61,info,DmrppRequestHandler::DmrppRequestHandler() - Concurrent Transfer Threads: Enabled. max_transfer_threads: 16
1692824540,61,info,DmrppRequestHandler::DmrppRequestHandler() - Contiguous Concurrency Threshold: 2097152 bytes.
1692824540,63,info,DmrppRequestHandler::DmrppRequestHandler() - Concurrent Compute Threads: Enabled. max_compute_threads: 512
1692824540,63,info,DmrppRequestHandler::DmrppRequestHandler() - Concurrent Transfer Threads: Enabled. max_transfer_threads: 16
1692824540,63,info,DmrppRequestHandler::DmrppRequestHandler() - Contiguous Concurrency Threshold: 2097152 bytes.
1692827050,187,info,request size: 89KB,memory used by process: 32844KB
1692827052,187,info,CurlUtils::retrieve_effective_url() - Source URL: 'https://data.nsidc.uat.earthdatacloud.nasa.gov/nsidc-cumulus-uat-protected/ATLAS/ATL06/005/2020/01/01/ATL06_20200101021201_00820603_005_01.h5(trusted)' CURLINFO_EFFECTIVE_URL: 'https://nsidc-cumulus-uat-protected.s3.us-west-2.amazonaws.com/ATLAS/ATL06/005/2020/01/01/ATL06_20200101021201_00820603_005_01.h5?A-userid=nsidc_ops'(trusted)
1692827095,187,info,request size: 1669KB,memory used by process: 48792KB
1692827098,187,info,CurlUtils::retrieve_effective_url() - Source URL: 'https://data.nsidc.uat.earthdatacloud.nasa.gov/nsidc-cumulus-uat-protected/ATLAS/ATL06/005/2020/01/01/ATL06_20200101020331_00820602_005_01.h5(trusted)' CURLINFO_EFFECTIVE_URL: 'https://nsidc-cumulus-uat-protected.s3.us-west-2.amazonaws.com/ATLAS/ATL06/005/2020/01/01/ATL06_20200101020331_00820602_005_01.h5?A-userid=nsidc_ops'(trusted)
1692827161,187,info,request size: 6KB,memory used by process: 51932KB
1692827170,187,info,request size: 89KB,memory used by process: 52356KB
1692827190,187,info,request size: 11978KB,memory used by process: 56248KB
1692827193,187,info,CurlUtils::retrieve_effective_url() - Source URL: 'https://data.nsidc.uat.earthdatacloud.nasa.gov/nsidc-cumulus-uat-protected/ATLAS/ATL13/005/2020/01/ATL13_20200101002212_00810601_005_01.h5(trusted)' CURLINFO_EFFECTIVE_URL: 'https://nsidc-cumulus-uat-protected.s3.us-west-2.amazonaws.com/ATLAS/ATL13/005/2020/01/ATL13_20200101002212_00810601_005_01.h5?A-userid=nsidc_ops'(trusted)
1692827205,187,info,request size: 10411KB,memory used by process: 84200KB
1692827207,187,info,CurlUtils::retrieve_effective_url() - Source URL: 'https://data.nsidc.uat.earthdatacloud.nasa.gov/nsidc-cumulus-uat-protected/ATLAS/ATL13/005/2020/01/ATL13_20200101063921_00850601_005_01.h5(trusted)' CURLINFO_EFFECTIVE_URL: 'https://nsidc-cumulus-uat-protected.s3.us-west-2.amazonaws.com/ATLAS/ATL13/005/2020/01/ATL13_20200101063921_00850601_005_01.h5?A-userid=nsidc_ops'(trusted)
1692828672,187,info,request size: 41KB,memory used by process: 84864KB
1692828675,187,info,CurlUtils::retrieve_effective_url() - Source URL: 'https://data.nsidc.uat.earthdatacloud.nasa.gov/nsidc-cumulus-uat-protected/ATLAS/ATL07/005/2020/01/01/ATL07-01_20200101015629_00820601_005_01.h5(trusted)' CURLINFO_EFFECTIVE_URL: 'https://nsidc-cumulus-uat-protected.s3.us-west-2.amazonaws.com/ATLAS/ATL07/005/2020/01/01/ATL07-01_20200101015629_00820601_005_01.h5?A-userid=jhrguat'(trusted)
1692828737,187,info,request size: 41KB,memory used by process: 115968KB
1692829337,187,info,request size: 41KB,memory used by process: 125624KB
1692829377,187,info,request size: 41KB,memory used by process: 130940KB
1692867622,187,info,request size: 0KB,memory used by process: 132256KB
1692867625,187,info,CurlUtils::retrieve_effective_url() - Source URL: 'https://data.nsidc.uat.earthdatacloud.nasa.gov/nsidc-cumulus-uat-protected/ATLAS/ATL08/005/2020/01/01/ATL08_20200101220129_00940612_005_01.h5(trusted)' CURLINFO_EFFECTIVE_URL: 'https://nsidc-cumulus-uat-protected.s3.us-west-2.amazonaws.com/ATLAS/ATL08/005/2020/01/01/ATL08_20200101220129_00940612_005_01.h5?A-userid=nsidc_ops'(trusted)
1692870036,187,info,CurlUtils::retrieve_effective_url() - Source URL: 'https://data.gesdisc.uat.earthdata.nasa.gov/data/GPM_L3/GPM_3IMERGHH.06/2021/273/3B-HHR.MS.MRG.3IMERG.20210930-S000000-E002959.0000.V06B.HDF5(trusted)' CURLINFO_EFFECTIVE_URL: 'https://gesdisc-cumulus-uat-protected.s3.us-west-2.amazonaws.com/GPM_L3/GPM_3IMERGHH.06/2021/273/3B-HHR.MS.MRG.3IMERG.20210930-S000000-E002959.0000.V06B.HDF5?A-userid=uuidev'(trusted)
1692877188,187,info,CurlUtils::retrieve_effective_url() - Source URL: 'https://data.gesdisc.uat.earthdata.nasa.gov/data/MERRA2/M2T1NXSLV.5.12.4/2021/08/MERRA2_400.tavg1_2d_slv_Nx.20210831.nc4(trusted)' CURLINFO_EFFECTIVE_URL: 'https://gesdisc-cumulus-uat-protected.s3.us-west-2.amazonaws.com/MERRA2/M2T1NXSLV.5.12.4/2021/08/MERRA2_400.tavg1_2d_slv_Nx.20210831.nc4?A-userid=uuidev'(trusted)
1692890137,187,info,request size: 11KB,memory used by process: 1934832KB
1692890139,187,info,CurlUtils::retrieve_effective_url() - Source URL: 'https://data.nsidc.uat.earthdatacloud.nasa.gov/nsidc-cumulus-uat-protected/ATLAS/ATL08/005/2020/01/01/ATL08_20200101145654_00900605_005_01.h5(trusted)' CURLINFO_EFFECTIVE_URL: 'https://nsidc-cumulus-uat-protected.s3.us-west-2.amazonaws.com/ATLAS/ATL08/005/2020/01/01/ATL08_20200101145654_00900605_005_01.h5?A-userid=jhrguat'(trusted)
1692892553,187,info,request size: 17KB,memory used by process: 1934832KB
1692892555,187,info,CurlUtils::retrieve_effective_url() - Source URL: 'https://data.nsidc.uat.earthdatacloud.nasa.gov/nsidc-cumulus-uat-protected/ATLAS/ATL06/005/2020/01/01/ATL06_20200101223747_00950603_005_01.h5(trusted)' CURLINFO_EFFECTIVE_URL: 'https://nsidc-cumulus-uat-protected.s3.us-west-2.amazonaws.com/ATLAS/ATL06/005/2020/01/01/ATL06_20200101223747_00950603_005_01.h5?A-userid=jhrguat'(trusted)
1692892796,187,info,request size: 17KB,memory used by process: 1934832KB
1692892854,187,info,request size: 17KB,memory used by process: 1934832KB
1692892883,187,info,request size: 41KB,memory used by process: 1934832KB
1692892885,187,info,CurlUtils::retrieve_effective_url() - Source URL: 'https://data.nsidc.uat.earthdatacloud.nasa.gov/nsidc-cumulus-uat-protected/ATLAS/ATL07/005/2020/01/01/ATL07-01_20200101015629_00820601_005_01.h5(trusted)' CURLINFO_EFFECTIVE_URL: 'https://nsidc-cumulus-uat-protected.s3.us-west-2.amazonaws.com/ATLAS/ATL07/005/2020/01/01/ATL07-01_20200101015629_00820601_005_01.h5?A-userid=jhrguat'(trusted)
1692892978,187,info,request size: 41KB,memory used by process: 1937336KB
1692893016,187,info,request size: 11KB,memory used by process: 1937908KB
1692893030,187,info,request size: 11KB,memory used by process: 1937908KB
1692893056,187,info,request size: 11KB,memory used by process: 1937908KB
1692893104,187,info,request size: 20KB,memory used by process: 1937908KB
1692893107,187,info,CurlUtils::retrieve_effective_url() - Source URL: 'https://data.nsidc.uat.earthdatacloud.nasa.gov/nsidc-cumulus-uat-protected/ATLAS/ATL10/005/2020/01/01/ATL10-01_20200101002212_00810601_005_02.h5(trusted)' CURLINFO_EFFECTIVE_URL: 'https://nsidc-cumulus-uat-protected.s3.us-west-2.amazonaws.com/ATLAS/ATL10/005/2020/01/01/ATL10-01_20200101002212_00810601_005_02.h5?A-userid=jhrguat'(trusted)
1692893150,187,info,request size: 20KB,memory used by process: 1938520KB
1692893186,187,info,request size: 20KB,memory used by process: 1938688KB
1692893234,187,info,request size: 203KB,memory used by process: 1938776KB
1692893236,187,info,CurlUtils::retrieve_effective_url() - Source URL: 'https://data.nsidc.uat.earthdatacloud.nasa.gov/nsidc-cumulus-uat-protected/ATLAS/ATL12/005/2020/01/ATL12_20200101002212_00810601_005_02.h5(trusted)' CURLINFO_EFFECTIVE_URL: 'https://nsidc-cumulus-uat-protected.s3.us-west-2.amazonaws.com/ATLAS/ATL12/005/2020/01/ATL12_20200101002212_00810601_005_02.h5?A-userid=jhrguat'(trusted)
1692893298,187,info,request size: 203KB,memory used by process: 1938776KB
1692893323,187,info,request size: 43KB,memory used by process: 1938776KB
1692893325,187,info,CurlUtils::retrieve_effective_url() - Source URL: 'https://data.nsidc.uat.earthdatacloud.nasa.gov/nsidc-cumulus-uat-protected/ATLAS/ATL13/005/2020/01/ATL13_20200101002212_00810601_005_01.h5(trusted)' CURLINFO_EFFECTIVE_URL: 'https://nsidc-cumulus-uat-protected.s3.us-west-2.amazonaws.com/ATLAS/ATL13/005/2020/01/ATL13_20200101002212_00810601_005_01.h5?A-userid=jhrguat'(trusted)
1692893378,187,info,request size: 43KB,memory used by process: 1939760KB
1692893401,187,info,request size: 43KB,memory used by process: 1939760KB
1692893454,187,info,request size: 136KB,memory used by process: 1939760KB
1692893479,187,info,request size: 136KB,memory used by process: 1939760KB
1692893503,187,info,request size: 136KB,memory used by process: 1939760KB
1692893540,187,info,request size: 4955KB,memory used by process: 1939760KB
1692893543,187,info,CurlUtils::retrieve_effective_url() - Source URL: 'https://data.nsidc.uat.earthdatacloud.nasa.gov/nsidc-cumulus-uat-protected/ATLAS/ATL03/005/2020/01/01/ATL03_20200101145654_00900605_005_01.h5(trusted)' CURLINFO_EFFECTIVE_URL: 'https://nsidc-cumulus-uat-protected.s3.us-west-2.amazonaws.com/ATLAS/ATL03/005/2020/01/01/ATL03_20200101145654_00900605_005_01.h5?A-userid=jhrguat'(trusted)
1692893603,187,info,request size: 4955KB,memory used by process: 1939760KB
1692893637,187,info,request size: 4955KB,memory used by process: 1939760KB
1692893686,187,info,request size: 324KB,memory used by process: 1939760KB
1692893705,187,info,request size: 324KB,memory used by process: 1941384KB
1692893724,187,info,request size: 324KB,memory used by process: 1943080KB
1692897177,187,info,request size: 738568KB,memory used by process: 1943104KB
1692897178,187,info,CurlUtils::retrieve_effective_url() - Source URL: 'https://archive.podaac.sit.earthdata.nasa.gov/podaac-sit-cumulus-protected/H09-AHI-L2P-ACSPO-v2.90/20230821140000-STAR-L2P_GHRSST-SSTsubskin-AHI_H09-ACSPO_V2.90-v02.0-fv01.0.nc(trusted)' CURLINFO_EFFECTIVE_URL: 'https://podaac-sit-cumulus-protected.s3.us-west-2.amazonaws.com/H09-AHI-L2P-ACSPO-v2.90/20230821140000-STAR-L2P_GHRSST-SSTsubskin-AHI_H09-ACSPO_V2.90-v02.0-fv01.0.nc?A-userid=podaaccloud'(trusted)
1692900393,187,info,CurlUtils::retrieve_effective_url() - Source URL: 'https://archive.podaac.sit.earthdata.nasa.gov/podaac-sit-cumulus-protected/H09-AHI-L3C-ACSPO-v2.90/20230821130000-STAR-L3C_GHRSST-SSTsubskin-AHI_H09-ACSPO_V2.90-v02.0-fv01.0.nc(trusted)' CURLINFO_EFFECTIVE_URL: 'https://podaac-sit-cumulus-protected.s3.us-west-2.amazonaws.com/H09-AHI-L3C-ACSPO-v2.90/20230821130000-STAR-L3C_GHRSST-SSTsubskin-AHI_H09-ACSPO_V2.90-v02.0-fv01.0.nc?A-userid=podaaccloud'(trusted)
1692900426,187,info,BESUtil::file_to_stream() - Sent 36073389 bytes from file '/tmp/hyrax_fonc/dap4_nc_bes_util_BXVx36_#20230821130000-STAR-L3C_GHRSST-SSTsubskin-AHI_H09-ACSPO_V2.90-v02.0-fv01.0.nc.dmrpp_6ufrm8'. 
1692900426,187,info,BESUtil::file_to_stream() - Using ostream: 0x7fff22f5a5b0 cout: 0x6123c0
1692900545,187,info,BESUtil::file_to_stream() - Using ostream: 0x7fff22f5a5b0 cout: 0x6123c0
1692900548,187,info,BESUtil::file_to_stream() - Sent 45612251 bytes from file '/tmp/hyrax_fonc/dap4_nc_bes_util_JkbIHA_#20230821140000-STAR-L2P_GHRSST-SSTsubskin-AHI_H09-ACSPO_V2.90-v02.0-fv01.0.nc.dmrpp_ANBbKk'. 
1692903099,187,info,request size: 17KB,memory used by process: 4311120KB
1692903102,187,info,CurlUtils::retrieve_effective_url() - Source URL: 'https://data.nsidc.uat.earthdatacloud.nasa.gov/nsidc-cumulus-uat-protected/ATLAS/ATL06/005/2020/01/01/ATL06_20200101223747_00950603_005_01.h5(trusted)' CURLINFO_EFFECTIVE_URL: 'https://nsidc-cumulus-uat-protected.s3.us-west-2.amazonaws.com/ATLAS/ATL06/005/2020/01/01/ATL06_20200101223747_00950603_005_01.h5?A-userid=jhrguat'(trusted)
1692903157,187,info,request size: 17KB,memory used by process: 4311120KB
1692903199,187,info,request size: 41KB,memory used by process: 4311120KB
1692903202,187,info,CurlUtils::retrieve_effective_url() - Source URL: 'https://data.nsidc.uat.earthdatacloud.nasa.gov/nsidc-cumulus-uat-protected/ATLAS/ATL07/005/2020/01/01/ATL07-01_20200101015629_00820601_005_01.h5(trusted)' CURLINFO_EFFECTIVE_URL: 'https://nsidc-cumulus-uat-protected.s3.us-west-2.amazonaws.com/ATLAS/ATL07/005/2020/01/01/ATL07-01_20200101015629_00820601_005_01.h5?A-userid=jhrguat'(trusted)
1692903237,187,info,request size: 41KB,memory used by process: 4311120KB
1692903271,187,info,request size: 41KB,memory used by process: 4311120KB
1692903315,187,info,request size: 11KB,memory used by process: 4311120KB
1692903317,187,info,CurlUtils::retrieve_effective_url() - Source URL: 'https://data.nsidc.uat.earthdatacloud.nasa.gov/nsidc-cumulus-uat-protected/ATLAS/ATL08/005/2020/01/01/ATL08_20200101145654_00900605_005_01.h5(trusted)' CURLINFO_EFFECTIVE_URL: 'https://nsidc-cumulus-uat-protected.s3.us-west-2.amazonaws.com/ATLAS/ATL08/005/2020/01/01/ATL08_20200101145654_00900605_005_01.h5?A-userid=jhrguat'(trusted)
1692903341,187,info,request size: 11KB,memory used by process: 4311120KB
1692903376,187,info,request size: 11KB,memory used by process: 4311120KB
1692903409,187,info,request size: 11KB,memory used by process: 4311120KB
1692903482,187,info,request size: 20KB,memory used by process: 4311120KB
1692903484,187,info,CurlUtils::retrieve_effective_url() - Source URL: 'https://data.nsidc.uat.earthdatacloud.nasa.gov/nsidc-cumulus-uat-protected/ATLAS/ATL10/005/2020/01/01/ATL10-01_20200101002212_00810601_005_02.h5(trusted)' CURLINFO_EFFECTIVE_URL: 'https://nsidc-cumulus-uat-protected.s3.us-west-2.amazonaws.com/ATLAS/ATL10/005/2020/01/01/ATL10-01_20200101002212_00810601_005_02.h5?A-userid=jhrguat'(trusted)
1692903524,187,info,request size: 20KB,memory used by process: 4311120KB
1692903558,187,info,request size: 203KB,memory used by process: 4311120KB
1692903560,187,info,CurlUtils::retrieve_effective_url() - Source URL: 'https://data.nsidc.uat.earthdatacloud.nasa.gov/nsidc-cumulus-uat-protected/ATLAS/ATL12/005/2020/01/ATL12_20200101002212_00810601_005_02.h5(trusted)' CURLINFO_EFFECTIVE_URL: 'https://nsidc-cumulus-uat-protected.s3.us-west-2.amazonaws.com/ATLAS/ATL12/005/2020/01/ATL12_20200101002212_00810601_005_02.h5?A-userid=jhrguat'(trusted)
1692903611,187,info,request size: 203KB,memory used by process: 4311120KB
1692903659,187,info,request size: 203KB,memory used by process: 4311120KB
1692903712,187,info,request size: 43KB,memory used by process: 4311120KB
1692903715,187,info,CurlUtils::retrieve_effective_url() - Source URL: 'https://data.nsidc.uat.earthdatacloud.nasa.gov/nsidc-cumulus-uat-protected/ATLAS/ATL13/005/2020/01/ATL13_20200101002212_00810601_005_01.h5(trusted)' CURLINFO_EFFECTIVE_URL: 'https://nsidc-cumulus-uat-protected.s3.us-west-2.amazonaws.com/ATLAS/ATL13/005/2020/01/ATL13_20200101002212_00810601_005_01.h5?A-userid=jhrguat'(trusted)
1692903764,187,info,request size: 43KB,memory used by process: 4311120KB
1692903829,187,info,request size: 136KB,memory used by process: 4311120KB
1692903879,187,info,request size: 136KB,memory used by process: 4311120KB
1692903968,187,info,request size: 4955KB,memory used by process: 4311120KB
1692903970,187,info,CurlUtils::retrieve_effective_url() - Source URL: 'https://data.nsidc.uat.earthdatacloud.nasa.gov/nsidc-cumulus-uat-protected/ATLAS/ATL03/005/2020/01/01/ATL03_20200101145654_00900605_005_01.h5(trusted)' CURLINFO_EFFECTIVE_URL: 'https://nsidc-cumulus-uat-protected.s3.us-west-2.amazonaws.com/ATLAS/ATL03/005/2020/01/01/ATL03_20200101145654_00900605_005_01.h5?A-userid=jhrguat'(trusted)
1692904132,187,info,request size: 4955KB,memory used by process: 4311120KB
1692904214,187,info,request size: 4955KB,memory used by process: 4311120KB
1692904309,187,info,request size: 324KB,memory used by process: 4311120KB
1692904355,187,info,request size: 324KB,memory used by process: 4311120KB
1692827051,499,info,request size: 21KB,memory used by process: 24724KB
1692827054,499,info,CurlUtils::retrieve_effective_url() - Source URL: 'https://data.nsidc.uat.earthdatacloud.nasa.gov/nsidc-cumulus-uat-protected/ATLAS/ATL06/005/2020/01/01/ATL06_20200101145654_00900605_005_01.h5(trusted)' CURLINFO_EFFECTIVE_URL: 'https://nsidc-cumulus-uat-protected.s3.us-west-2.amazonaws.com/ATLAS/ATL06/005/2020/01/01/ATL06_20200101145654_00900605_005_01.h5?A-userid=nsidc_ops'(trusted)
1692827123,499,info,request size: 26KB,memory used by process: 39340KB
1692827126,499,info,CurlUtils::retrieve_effective_url() - Source URL: 'https://data.nsidc.uat.earthdatacloud.nasa.gov/nsidc-cumulus-uat-protected/ATLAS/ATL06/005/2020/01/01/ATL06_20200101020331_00820602_005_01.h5(trusted)' CURLINFO_EFFECTIVE_URL: 'https://nsidc-cumulus-uat-protected.s3.us-west-2.amazonaws.com/ATLAS/ATL06/005/2020/01/01/ATL06_20200101020331_00820602_005_01.h5?A-userid=nsidc_ops'(trusted)
1692827165,499,info,request size: 22KB,memory used by process: 41888KB
1692827167,499,info,CurlUtils::retrieve_effective_url() - Source URL: 'https://data.nsidc.uat.earthdatacloud.nasa.gov/nsidc-cumulus-uat-protected/ATLAS/ATL06/005/2020/01/01/ATL06_20200101021201_00820603_005_01.h5(trusted)' CURLINFO_EFFECTIVE_URL: 'https://nsidc-cumulus-uat-protected.s3.us-west-2.amazonaws.com/ATLAS/ATL06/005/2020/01/01/ATL06_20200101021201_00820603_005_01.h5?A-userid=nsidc_ops'(trusted)
1692827186,499,info,request size: 2147KB,memory used by process: 49652KB
1692827188,499,info,CurlUtils::retrieve_effective_url() - Source URL: 'https://data.nsidc.uat.earthdatacloud.nasa.gov/nsidc-cumulus-uat-protected/ATLAS/ATL08/005/2020/01/01/ATL08_20200101020331_00820602_005_01.h5(trusted)' CURLINFO_EFFECTIVE_URL: 'https://nsidc-cumulus-uat-protected.s3.us-west-2.amazonaws.com/ATLAS/ATL08/005/2020/01/01/ATL08_20200101020331_00820602_005_01.h5?A-userid=nsidc_ops'(trusted)
1692827197,499,info,request size: 6668KB,memory used by process: 53224KB
1692827206,499,info,request size: 1093KB,memory used by process: 58236KB
1692827208,499,info,CurlUtils::retrieve_effective_url() - Source URL: 'https://data.nsidc.uat.earthdatacloud.nasa.gov/nsidc-cumulus-uat-protected/ATLAS/ATL08/005/2020/01/01/ATL08_20200101145654_00900605_005_01.h5(trusted)' CURLINFO_EFFECTIVE_URL: 'https://nsidc-cumulus-uat-protected.s3.us-west-2.amazonaws.com/ATLAS/ATL08/005/2020/01/01/ATL08_20200101145654_00900605_005_01.h5?A-userid=nsidc_ops'(trusted)
1692828689,499,info,request size: 41KB,memory used by process: 62460KB
1692828692,499,info,CurlUtils::retrieve_effective_url() - Source URL: 'https://data.nsidc.uat.earthdatacloud.nasa.gov/nsidc-cumulus-uat-protected/ATLAS/ATL07/005/2020/01/01/ATL07-01_20200101015629_00820601_005_01.h5(trusted)' CURLINFO_EFFECTIVE_URL: 'https://nsidc-cumulus-uat-protected.s3.us-west-2.amazonaws.com/ATLAS/ATL07/005/2020/01/01/ATL07-01_20200101015629_00820601_005_01.h5?A-userid=jhrguat'(trusted)
1692829347,499,info,request size: 41KB,memory used by process: 109848KB
1692829388,499,info,request size: 41KB,memory used by process: 120832KB
1692832925,499,info,CurlUtils::retrieve_effective_url() - Source URL: 'https://archive.podaac.sit.earthdata.nasa.gov/podaac-sit-cumulus-protected/SAILDRONE_ARCTIC/saildrone-gen_5-arctic_misst_2019_adcp-sd1036-20190514T230000-20191011T183000-5_minutes-v1.1580261088235.nc(trusted)' CURLINFO_EFFECTIVE_URL: 'https://podaac-sit-cumulus-protected.s3.us-west-2.amazonaws.com/SAILDRONE_ARCTIC/saildrone-gen_5-arctic_misst_2019_adcp-sd1036-20190514T230000-20191011T183000-5_minutes-v1.1580261088235.nc?A-userid=celiaouuat'(trusted)
1692832931,499,info,BESUtil::file_to_stream() - Sent 22150089 bytes from file '/tmp/hyrax_fonc/dap4_nc_bes_util_OJzCup_#saildrone-gen_5-arctic_misst_2019_adcp-sd1036-20190514T230000-20191011T183000-5_minutes-v1.1580261088235.nc.dmrpp_VluF4x'. 
1692832931,499,info,BESUtil::file_to_stream() - Using ostream: 0x7fff22f5a5b0 cout: 0x6123c0
1692835624,499,info,CurlUtils::retrieve_effective_url() - Source URL: 'https://archive.podaac.sit.earthdata.nasa.gov/podaac-sit-cumulus-protected/H09-AHI-L2P-ACSPO-v2.90/20230821140000-STAR-L2P_GHRSST-SSTsubskin-AHI_H09-ACSPO_V2.90-v02.0-fv01.0.nc(trusted)' CURLINFO_EFFECTIVE_URL: 'https://podaac-sit-cumulus-protected.s3.us-west-2.amazonaws.com/H09-AHI-L2P-ACSPO-v2.90/20230821140000-STAR-L2P_GHRSST-SSTsubskin-AHI_H09-ACSPO_V2.90-v02.0-fv01.0.nc?A-userid=podaaccloud'(trusted)
1692835636,499,info,BESUtil::file_to_stream() - Using ostream: 0x7fff22f5a5b0 cout: 0x6123c0
1692835637,499,info,BESUtil::file_to_stream() - Sent 45612251 bytes from file '/tmp/hyrax_fonc/dap4_nc_bes_util_vTbBrP_#20230821140000-STAR-L2P_GHRSST-SSTsubskin-AHI_H09-ACSPO_V2.90-v02.0-fv01.0.nc.dmrpp_QcHVe5'. 
1692890169,499,info,request size: 11KB,memory used by process: 1209508KB
1692890171,499,info,CurlUtils::retrieve_effective_url() - Source URL: 'https://data.nsidc.uat.earthdatacloud.nasa.gov/nsidc-cumulus-uat-protected/ATLAS/ATL08/005/2020/01/01/ATL08_20200101145654_00900605_005_01.h5(trusted)' CURLINFO_EFFECTIVE_URL: 'https://nsidc-cumulus-uat-protected.s3.us-west-2.amazonaws.com/ATLAS/ATL08/005/2020/01/01/ATL08_20200101145654_00900605_005_01.h5?A-userid=jhrguat'(trusted)
1692892779,499,info,request size: 17KB,memory used by process: 1209508KB
1692892781,499,info,CurlUtils::retrieve_effective_url() - Source URL: 'https://data.nsidc.uat.earthdatacloud.nasa.gov/nsidc-cumulus-uat-protected/ATLAS/ATL06/005/2020/01/01/ATL06_20200101223747_00950603_005_01.h5(trusted)' CURLINFO_EFFECTIVE_URL: 'https://nsidc-cumulus-uat-protected.s3.us-west-2.amazonaws.com/ATLAS/ATL06/005/2020/01/01/ATL06_20200101223747_00950603_005_01.h5?A-userid=jhrguat'(trusted)
1692892816,499,info,request size: 17KB,memory used by process: 1209508KB
1692892858,499,info,request size: 17KB,memory used by process: 1209508KB
1692892913,499,info,request size: 41KB,memory used by process: 1209508KB
1692892915,499,info,CurlUtils::retrieve_effective_url() - Source URL: 'https://data.nsidc.uat.earthdatacloud.nasa.gov/nsidc-cumulus-uat-protected/ATLAS/ATL07/005/2020/01/01/ATL07-01_20200101015629_00820601_005_01.h5(trusted)' CURLINFO_EFFECTIVE_URL: 'https://nsidc-cumulus-uat-protected.s3.us-west-2.amazonaws.com/ATLAS/ATL07/005/2020/01/01/ATL07-01_20200101015629_00820601_005_01.h5?A-userid=jhrguat'(trusted)
1692892983,499,info,request size: 41KB,memory used by process: 1209508KB
1692893020,499,info,request size: 11KB,memory used by process: 1209508KB
1692893038,499,info,request size: 11KB,memory used by process: 1209508KB
1692893060,499,info,request size: 11KB,memory used by process: 1209508KB
1692893111,499,info,request size: 20KB,memory used by process: 1209508KB
1692893114,499,info,CurlUtils::retrieve_effective_url() - Source URL: 'https://data.nsidc.uat.earthdatacloud.nasa.gov/nsidc-cumulus-uat-protected/ATLAS/ATL10/005/2020/01/01/ATL10-01_20200101002212_00810601_005_02.h5(trusted)' CURLINFO_EFFECTIVE_URL: 'https://nsidc-cumulus-uat-protected.s3.us-west-2.amazonaws.com/ATLAS/ATL10/005/2020/01/01/ATL10-01_20200101002212_00810601_005_02.h5?A-userid=jhrguat'(trusted)
1692893155,499,info,request size: 20KB,memory used by process: 1209508KB
1692893195,499,info,request size: 203KB,memory used by process: 1209508KB
1692893198,499,info,CurlUtils::retrieve_effective_url() - Source URL: 'https://data.nsidc.uat.earthdatacloud.nasa.gov/nsidc-cumulus-uat-protected/ATLAS/ATL12/005/2020/01/ATL12_20200101002212_00810601_005_02.h5(trusted)' CURLINFO_EFFECTIVE_URL: 'https://nsidc-cumulus-uat-protected.s3.us-west-2.amazonaws.com/ATLAS/ATL12/005/2020/01/ATL12_20200101002212_00810601_005_02.h5?A-userid=jhrguat'(trusted)
1692893241,499,info,request size: 203KB,memory used by process: 1209508KB
1692893306,499,info,request size: 203KB,memory used by process: 1209508KB
1692893330,499,info,request size: 43KB,memory used by process: 1209508KB
1692893332,499,info,CurlUtils::retrieve_effective_url() - Source URL: 'https://data.nsidc.uat.earthdatacloud.nasa.gov/nsidc-cumulus-uat-protected/ATLAS/ATL13/005/2020/01/ATL13_20200101002212_00810601_005_01.h5(trusted)' CURLINFO_EFFECTIVE_URL: 'https://nsidc-cumulus-uat-protected.s3.us-west-2.amazonaws.com/ATLAS/ATL13/005/2020/01/ATL13_20200101002212_00810601_005_01.h5?A-userid=jhrguat'(trusted)
1692893383,499,info,request size: 43KB,memory used by process: 1209508KB
1692893419,499,info,request size: 43KB,memory used by process: 1209508KB
1692893462,499,info,request size: 136KB,memory used by process: 1209508KB
1692893483,499,info,request size: 136KB,memory used by process: 1209508KB
1692893512,499,info,request size: 136KB,memory used by process: 1209508KB
1692893564,499,info,request size: 4955KB,memory used by process: 1209508KB
1692893566,499,info,CurlUtils::retrieve_effective_url() - Source URL: 'https://data.nsidc.uat.earthdatacloud.nasa.gov/nsidc-cumulus-uat-protected/ATLAS/ATL03/005/2020/01/01/ATL03_20200101145654_00900605_005_01.h5(trusted)' CURLINFO_EFFECTIVE_URL: 'https://nsidc-cumulus-uat-protected.s3.us-west-2.amazonaws.com/ATLAS/ATL03/005/2020/01/01/ATL03_20200101145654_00900605_005_01.h5?A-userid=jhrguat'(trusted)
1692893609,499,info,request size: 4955KB,memory used by process: 1209508KB
1692893649,499,info,request size: 4955KB,memory used by process: 1209508KB
1692893690,499,info,request size: 324KB,memory used by process: 1209508KB
1692893709,499,info,request size: 324KB,memory used by process: 1209508KB
1692897238,499,info,CurlUtils::retrieve_effective_url() - Source URL: 'https://archive.podaac.sit.earthdata.nasa.gov/podaac-sit-cumulus-protected/H09-AHI-L2P-ACSPO-v2.90/20230821140000-STAR-L2P_GHRSST-SSTsubskin-AHI_H09-ACSPO_V2.90-v02.0-fv01.0.nc(trusted)' CURLINFO_EFFECTIVE_URL: 'https://podaac-sit-cumulus-protected.s3.us-west-2.amazonaws.com/H09-AHI-L2P-ACSPO-v2.90/20230821140000-STAR-L2P_GHRSST-SSTsubskin-AHI_H09-ACSPO_V2.90-v02.0-fv01.0.nc?A-userid=podaaccloud'(trusted)
1692897249,499,info,BESUtil::file_to_stream() - Using ostream: 0x7fff22f5a5b0 cout: 0x6123c0
1692897251,499,info,BESUtil::file_to_stream() - Sent 45612251 bytes from file '/tmp/hyrax_fonc/dap4_nc_bes_util_gWHAhM_#20230821140000-STAR-L2P_GHRSST-SSTsubskin-AHI_H09-ACSPO_V2.90-v02.0-fv01.0.nc.dmrpp_etjIKj'. 
1692899164,499,info,CurlUtils::retrieve_effective_url() - Source URL: 'https://archive.podaac.sit.earthdata.nasa.gov/podaac-sit-cumulus-protected/H09-AHI-L3C-ACSPO-v2.90/20230821130000-STAR-L3C_GHRSST-SSTsubskin-AHI_H09-ACSPO_V2.90-v02.0-fv01.0.nc(trusted)' CURLINFO_EFFECTIVE_URL: 'https://podaac-sit-cumulus-protected.s3.us-west-2.amazonaws.com/H09-AHI-L3C-ACSPO-v2.90/20230821130000-STAR-L3C_GHRSST-SSTsubskin-AHI_H09-ACSPO_V2.90-v02.0-fv01.0.nc?A-userid=podaaccloud'(trusted)
1692903063,499,info,request size: 17KB,memory used by process: 6850540KB
1692903065,499,info,CurlUtils::retrieve_effective_url() - Source URL: 'https://data.nsidc.uat.earthdatacloud.nasa.gov/nsidc-cumulus-uat-protected/ATLAS/ATL06/005/2020/01/01/ATL06_20200101223747_00950603_005_01.h5(trusted)' CURLINFO_EFFECTIVE_URL: 'https://nsidc-cumulus-uat-protected.s3.us-west-2.amazonaws.com/ATLAS/ATL06/005/2020/01/01/ATL06_20200101223747_00950603_005_01.h5?A-userid=jhrguat'(trusted)
1692903122,499,info,request size: 17KB,memory used by process: 6850540KB
1692903174,499,info,request size: 41KB,memory used by process: 6850540KB
1692903176,499,info,CurlUtils::retrieve_effective_url() - Source URL: 'https://data.nsidc.uat.earthdatacloud.nasa.gov/nsidc-cumulus-uat-protected/ATLAS/ATL07/005/2020/01/01/ATL07-01_20200101015629_00820601_005_01.h5(trusted)' CURLINFO_EFFECTIVE_URL: 'https://nsidc-cumulus-uat-protected.s3.us-west-2.amazonaws.com/ATLAS/ATL07/005/2020/01/01/ATL07-01_20200101015629_00820601_005_01.h5?A-userid=jhrguat'(trusted)
1692903212,499,info,request size: 41KB,memory used by process: 6850540KB
1692903254,499,info,request size: 41KB,memory used by process: 6850540KB
1692903293,499,info,request size: 41KB,memory used by process: 6850540KB
1692903329,499,info,request size: 11KB,memory used by process: 6850540KB
1692903332,499,info,CurlUtils::retrieve_effective_url() - Source URL: 'https://data.nsidc.uat.earthdatacloud.nasa.gov/nsidc-cumulus-uat-protected/ATLAS/ATL08/005/2020/01/01/ATL08_20200101145654_00900605_005_01.h5(trusted)' CURLINFO_EFFECTIVE_URL: 'https://nsidc-cumulus-uat-protected.s3.us-west-2.amazonaws.com/ATLAS/ATL08/005/2020/01/01/ATL08_20200101145654_00900605_005_01.h5?A-userid=jhrguat'(trusted)
1692903350,499,info,request size: 11KB,memory used by process: 6850540KB
1692903399,499,info,request size: 11KB,memory used by process: 6850540KB
1692903467,499,info,request size: 20KB,memory used by process: 6850540KB
1692903469,499,info,CurlUtils::retrieve_effective_url() - Source URL: 'https://data.nsidc.uat.earthdatacloud.nasa.gov/nsidc-cumulus-uat-protected/ATLAS/ATL10/005/2020/01/01/ATL10-01_20200101002212_00810601_005_02.h5(trusted)' CURLINFO_EFFECTIVE_URL: 'https://nsidc-cumulus-uat-protected.s3.us-west-2.amazonaws.com/ATLAS/ATL10/005/2020/01/01/ATL10-01_20200101002212_00810601_005_02.h5?A-userid=jhrguat'(trusted)
1692903509,499,info,request size: 20KB,memory used by process: 6850540KB
1692903534,499,info,request size: 20KB,memory used by process: 6850540KB
1692903593,499,info,request size: 203KB,memory used by process: 6850540KB
1692903595,499,info,CurlUtils::retrieve_effective_url() - Source URL: 'https://data.nsidc.uat.earthdatacloud.nasa.gov/nsidc-cumulus-uat-protected/ATLAS/ATL12/005/2020/01/ATL12_20200101002212_00810601_005_02.h5(trusted)' CURLINFO_EFFECTIVE_URL: 'https://nsidc-cumulus-uat-protected.s3.us-west-2.amazonaws.com/ATLAS/ATL12/005/2020/01/ATL12_20200101002212_00810601_005_02.h5?A-userid=jhrguat'(trusted)
1692903642,499,info,request size: 203KB,memory used by process: 6850540KB
1692903671,499,info,request size: 203KB,memory used by process: 6850540KB
1692903737,499,info,request size: 43KB,memory used by process: 6850540KB
1692903739,499,info,CurlUtils::retrieve_effective_url() - Source URL: 'https://data.nsidc.uat.earthdatacloud.nasa.gov/nsidc-cumulus-uat-protected/ATLAS/ATL13/005/2020/01/ATL13_20200101002212_00810601_005_01.h5(trusted)' CURLINFO_EFFECTIVE_URL: 'https://nsidc-cumulus-uat-protected.s3.us-west-2.amazonaws.com/ATLAS/ATL13/005/2020/01/ATL13_20200101002212_00810601_005_01.h5?A-userid=jhrguat'(trusted)
1692903812,499,info,request size: 43KB,memory used by process: 6850540KB
1692903857,499,info,request size: 136KB,memory used by process: 6850540KB
1692903900,499,info,request size: 136KB,memory used by process: 6850540KB
1692904095,499,info,request size: 4955KB,memory used by process: 6850540KB
1692904097,499,info,CurlUtils::retrieve_effective_url() - Source URL: 'https://data.nsidc.uat.earthdatacloud.nasa.gov/nsidc-cumulus-uat-protected/ATLAS/ATL03/005/2020/01/01/ATL03_20200101145654_00900605_005_01.h5(trusted)' CURLINFO_EFFECTIVE_URL: 'https://nsidc-cumulus-uat-protected.s3.us-west-2.amazonaws.com/ATLAS/ATL03/005/2020/01/01/ATL03_20200101145654_00900605_005_01.h5?A-userid=jhrguat'(trusted)
1692904172,499,info,request size: 4955KB,memory used by process: 6850540KB
1692904278,499,info,request size: 324KB,memory used by process: 6850540KB
1692904325,499,info,request size: 324KB,memory used by process: 6850540KB
1692827190,1556,info,request size: 1947KB,memory used by process: 24456KB
1692827192,1556,info,CurlUtils::retrieve_effective_url() - Source URL: 'https://data.nsidc.uat.earthdatacloud.nasa.gov/nsidc-cumulus-uat-protected/ATLAS/ATL06/005/2020/01/01/ATL06_20200101020331_00820602_005_01.h5(trusted)' CURLINFO_EFFECTIVE_URL: 'https://nsidc-cumulus-uat-protected.s3.us-west-2.amazonaws.com/ATLAS/ATL06/005/2020/01/01/ATL06_20200101020331_00820602_005_01.h5?A-userid=nsidc_ops'(trusted)
1692827203,1556,info,request size: 6359KB,memory used by process: 37548KB
1692827205,1556,info,CurlUtils::retrieve_effective_url() - Source URL: 'https://data.nsidc.uat.earthdatacloud.nasa.gov/nsidc-cumulus-uat-protected/ATLAS/ATL06/005/2020/01/01/ATL06_20200101145654_00900605_005_01.h5(trusted)' CURLINFO_EFFECTIVE_URL: 'https://nsidc-cumulus-uat-protected.s3.us-west-2.amazonaws.com/ATLAS/ATL06/005/2020/01/01/ATL06_20200101145654_00900605_005_01.h5?A-userid=nsidc_ops'(trusted)
1692827219,1556,info,request size: 9587KB,memory used by process: 49676KB
1692827221,1556,info,CurlUtils::retrieve_effective_url() - Source URL: 'https://data.nsidc.uat.earthdatacloud.nasa.gov/nsidc-cumulus-uat-protected/ATLAS/ATL13/005/2020/01/ATL13_20200101125631_00890601_005_01.h5(trusted)' CURLINFO_EFFECTIVE_URL: 'https://nsidc-cumulus-uat-protected.s3.us-west-2.amazonaws.com/ATLAS/ATL13/005/2020/01/ATL13_20200101125631_00890601_005_01.h5?A-userid=nsidc_ops'(trusted)
1692828723,1556,info,request size: 41KB,memory used by process: 65172KB
1692828726,1556,info,CurlUtils::retrieve_effective_url() - Source URL: 'https://data.nsidc.uat.earthdatacloud.nasa.gov/nsidc-cumulus-uat-protected/ATLAS/ATL07/005/2020/01/01/ATL07-01_20200101015629_00820601_005_01.h5(trusted)' CURLINFO_EFFECTIVE_URL: 'https://nsidc-cumulus-uat-protected.s3.us-west-2.amazonaws.com/ATLAS/ATL07/005/2020/01/01/ATL07-01_20200101015629_00820601_005_01.h5?A-userid=jhrguat'(trusted)
1692829297,1556,info,CurlUtils::retrieve_effective_url() - Source URL: 'https://archive.podaac.sit.earthdata.nasa.gov/podaac-sit-cumulus-protected/H09-AHI-L2P-ACSPO-v2.90/20230821140000-STAR-L2P_GHRSST-SSTsubskin-AHI_H09-ACSPO_V2.90-v02.0-fv01.0.nc(trusted)' CURLINFO_EFFECTIVE_URL: 'https://podaac-sit-cumulus-protected.s3.us-west-2.amazonaws.com/H09-AHI-L2P-ACSPO-v2.90/20230821140000-STAR-L2P_GHRSST-SSTsubskin-AHI_H09-ACSPO_V2.90-v02.0-fv01.0.nc?A-userid=podaaccloud'(trusted)
1692829308,1556,info,BESUtil::file_to_stream() - Using ostream: 0x7fff22f5a5b0 cout: 0x6123c0
1692829310,1556,info,BESUtil::file_to_stream() - Sent 45612251 bytes from file '/tmp/hyrax_fonc/dap4_nc_bes_util_Ak8kY7_#20230821140000-STAR-L2P_GHRSST-SSTsubskin-AHI_H09-ACSPO_V2.90-v02.0-fv01.0.nc.dmrpp_3dDH53'. 
1692829361,1556,info,request size: 41KB,memory used by process: 1191608KB
1692829400,1556,info,request size: 41KB,memory used by process: 1191608KB
1692834395,1556,info,CurlUtils::retrieve_effective_url() - Source URL: 'https://archive.podaac.sit.earthdata.nasa.gov/podaac-sit-cumulus-protected/H09-AHI-L3C-ACSPO-v2.90/20230821130000-STAR-L3C_GHRSST-SSTsubskin-AHI_H09-ACSPO_V2.90-v02.0-fv01.0.nc(trusted)' CURLINFO_EFFECTIVE_URL: 'https://podaac-sit-cumulus-protected.s3.us-west-2.amazonaws.com/H09-AHI-L3C-ACSPO-v2.90/20230821130000-STAR-L3C_GHRSST-SSTsubskin-AHI_H09-ACSPO_V2.90-v02.0-fv01.0.nc?A-userid=phoebes'(trusted)
1692834428,1556,info,BESUtil::file_to_stream() - Using ostream: 0x7fff22f5a5b0 cout: 0x6123c0
1692834429,1556,info,BESUtil::file_to_stream() - Sent 36073389 bytes from file '/tmp/hyrax_fonc/dap4_nc_bes_util_XtFYV2_#20230821130000-STAR-L3C_GHRSST-SSTsubskin-AHI_H09-ACSPO_V2.90-v02.0-fv01.0.nc.dmrpp_mty1R0'. 
1692835321,1556,info,CurlUtils::retrieve_effective_url() - Source URL: 'https://harmony.uat.earthdata.nasa.gov/service-results/harmony-uat-eedtest-data/C1245618475-EEDTEST/3B-HHR.MS.MRG.3IMERG.20200101-S000000-E002959.0000.V06B.HDF5(trusted)' CURLINFO_EFFECTIVE_URL: 'https://harmony-uat-eedtest-data.s3.us-west-2.amazonaws.com/C1245618475-EEDTEST/3B-HHR.MS.MRG.3IMERG.20200101-S000000-E002959.0000.V06B.HDF5?A-userid=amy.steiker'(trusted)
1692835322,1556,info,BESUtil::file_to_stream() - Sent 115180 bytes from file '/tmp/hyrax_fonc/dap4_nc_bes_util_EL41jN_#3B-HHR.MS.MRG.3IMERG.20200101-S000000-E002959.0000.V06B.HDF5.dmrpp_fzU7he'. 
1692835322,1556,info,BESUtil::file_to_stream() - Using ostream: 0x7fff22f5a5b0 cout: 0x6123c0
1692835546,1556,info,request size: 738568KB,memory used by process: 3829100KB
1692835549,1556,info,CurlUtils::retrieve_effective_url() - Source URL: 'https://archive.podaac.sit.earthdata.nasa.gov/podaac-sit-cumulus-protected/H09-AHI-L2P-ACSPO-v2.90/20230821140000-STAR-L2P_GHRSST-SSTsubskin-AHI_H09-ACSPO_V2.90-v02.0-fv01.0.nc(trusted)' CURLINFO_EFFECTIVE_URL: 'https://podaac-sit-cumulus-protected.s3.us-west-2.amazonaws.com/H09-AHI-L2P-ACSPO-v2.90/20230821140000-STAR-L2P_GHRSST-SSTsubskin-AHI_H09-ACSPO_V2.90-v02.0-fv01.0.nc?A-userid=podaaccloud'(trusted)
1692890128,1556,info,request size: 11KB,memory used by process: 3829100KB
1692890130,1556,info,CurlUtils::retrieve_effective_url() - Source URL: 'https://data.nsidc.uat.earthdatacloud.nasa.gov/nsidc-cumulus-uat-protected/ATLAS/ATL08/005/2020/01/01/ATL08_20200101145654_00900605_005_01.h5(trusted)' CURLINFO_EFFECTIVE_URL: 'https://nsidc-cumulus-uat-protected.s3.us-west-2.amazonaws.com/ATLAS/ATL08/005/2020/01/01/ATL08_20200101145654_00900605_005_01.h5?A-userid=jhrguat'(trusted)
1692890188,1556,info,request size: 11KB,memory used by process: 3829100KB
1692892528,1556,info,request size: 17KB,memory used by process: 3829100KB
1692892530,1556,info,CurlUtils::retrieve_effective_url() - Source URL: 'https://data.nsidc.uat.earthdatacloud.nasa.gov/nsidc-cumulus-uat-protected/ATLAS/ATL06/005/2020/01/01/ATL06_20200101223747_00950603_005_01.h5(trusted)' CURLINFO_EFFECTIVE_URL: 'https://nsidc-cumulus-uat-protected.s3.us-west-2.amazonaws.com/ATLAS/ATL06/005/2020/01/01/ATL06_20200101223747_00950603_005_01.h5?A-userid=jhrguat'(trusted)
1692892792,1556,info,request size: 17KB,memory used by process: 3829100KB
1692892850,1556,info,request size: 17KB,memory used by process: 3829100KB
1692892871,1556,info,request size: 41KB,memory used by process: 3829100KB
1692892874,1556,info,CurlUtils::retrieve_effective_url() - Source URL: 'https://data.nsidc.uat.earthdatacloud.nasa.gov/nsidc-cumulus-uat-protected/ATLAS/ATL07/005/2020/01/01/ATL07-01_20200101015629_00820601_005_01.h5(trusted)' CURLINFO_EFFECTIVE_URL: 'https://nsidc-cumulus-uat-protected.s3.us-west-2.amazonaws.com/ATLAS/ATL07/005/2020/01/01/ATL07-01_20200101015629_00820601_005_01.h5?A-userid=jhrguat'(trusted)
1692892958,1556,info,request size: 41KB,memory used by process: 3829100KB
1692893008,1556,info,request size: 11KB,memory used by process: 3829100KB
1692893027,1556,info,request size: 11KB,memory used by process: 3829100KB
1692893045,1556,info,request size: 11KB,memory used by process: 3829100KB
1692893067,1556,info,request size: 11KB,memory used by process: 3829100KB
1692893124,1556,info,request size: 20KB,memory used by process: 3829100KB
1692893126,1556,info,CurlUtils::retrieve_effective_url() - Source URL: 'https://data.nsidc.uat.earthdatacloud.nasa.gov/nsidc-cumulus-uat-protected/ATLAS/ATL10/005/2020/01/01/ATL10-01_20200101002212_00810601_005_02.h5(trusted)' CURLINFO_EFFECTIVE_URL: 'https://nsidc-cumulus-uat-protected.s3.us-west-2.amazonaws.com/ATLAS/ATL10/005/2020/01/01/ATL10-01_20200101002212_00810601_005_02.h5?A-userid=jhrguat'(trusted)
1692893164,1556,info,request size: 20KB,memory used by process: 3829100KB
1692893227,1556,info,request size: 203KB,memory used by process: 3829100KB
1692893230,1556,info,CurlUtils::retrieve_effective_url() - Source URL: 'https://data.nsidc.uat.earthdatacloud.nasa.gov/nsidc-cumulus-uat-protected/ATLAS/ATL12/005/2020/01/ATL12_20200101002212_00810601_005_02.h5(trusted)' CURLINFO_EFFECTIVE_URL: 'https://nsidc-cumulus-uat-protected.s3.us-west-2.amazonaws.com/ATLAS/ATL12/005/2020/01/ATL12_20200101002212_00810601_005_02.h5?A-userid=jhrguat'(trusted)
1692893294,1556,info,request size: 203KB,memory used by process: 3829100KB
1692893315,1556,info,request size: 43KB,memory used by process: 3829100KB
1692893318,1556,info,CurlUtils::retrieve_effective_url() - Source URL: 'https://data.nsidc.uat.earthdatacloud.nasa.gov/nsidc-cumulus-uat-protected/ATLAS/ATL13/005/2020/01/ATL13_20200101002212_00810601_005_01.h5(trusted)' CURLINFO_EFFECTIVE_URL: 'https://nsidc-cumulus-uat-protected.s3.us-west-2.amazonaws.com/ATLAS/ATL13/005/2020/01/ATL13_20200101002212_00810601_005_01.h5?A-userid=jhrguat'(trusted)
1692893373,1556,info,request size: 43KB,memory used by process: 3829100KB
1692893397,1556,info,request size: 43KB,memory used by process: 3829100KB
1692893450,1556,info,request size: 136KB,memory used by process: 3829100KB
1692893474,1556,info,request size: 136KB,memory used by process: 3829100KB
1692893495,1556,info,request size: 136KB,memory used by process: 3829100KB
1692893524,1556,info,request size: 4955KB,memory used by process: 3829100KB
1692893526,1556,info,CurlUtils::retrieve_effective_url() - Source URL: 'https://data.nsidc.uat.earthdatacloud.nasa.gov/nsidc-cumulus-uat-protected/ATLAS/ATL03/005/2020/01/01/ATL03_20200101145654_00900605_005_01.h5(trusted)' CURLINFO_EFFECTIVE_URL: 'https://nsidc-cumulus-uat-protected.s3.us-west-2.amazonaws.com/ATLAS/ATL03/005/2020/01/01/ATL03_20200101145654_00900605_005_01.h5?A-userid=jhrguat'(trusted)
1692893586,1556,info,request size: 4955KB,memory used by process: 3829100KB
1692893631,1556,info,request size: 4955KB,memory used by process: 3829100KB
1692893683,1556,info,request size: 324KB,memory used by process: 3829100KB
1692893702,1556,info,request size: 324KB,memory used by process: 3829100KB
1692893717,1556,info,request size: 324KB,memory used by process: 3829100KB
1692897114,1556,info,CurlUtils::retrieve_effective_url() - Source URL: 'https://archive.podaac.sit.earthdata.nasa.gov/podaac-sit-cumulus-protected/H09-AHI-L2P-ACSPO-v2.90/20230821140000-STAR-L2P_GHRSST-SSTsubskin-AHI_H09-ACSPO_V2.90-v02.0-fv01.0.nc(trusted)' CURLINFO_EFFECTIVE_URL: 'https://podaac-sit-cumulus-protected.s3.us-west-2.amazonaws.com/H09-AHI-L2P-ACSPO-v2.90/20230821140000-STAR-L2P_GHRSST-SSTsubskin-AHI_H09-ACSPO_V2.90-v02.0-fv01.0.nc?A-userid=podaaccloud'(trusted)
1692899332,1556,info,request size: 3322371KB,memory used by process: 3829100KB
1692899335,1556,info,CurlUtils::retrieve_effective_url() - Source URL: 'https://archive.podaac.sit.earthdata.nasa.gov/podaac-sit-cumulus-protected/H09-AHI-L3C-ACSPO-v2.90/20230821130000-STAR-L3C_GHRSST-SSTsubskin-AHI_H09-ACSPO_V2.90-v02.0-fv01.0.nc(trusted)' CURLINFO_EFFECTIVE_URL: 'https://podaac-sit-cumulus-protected.s3.us-west-2.amazonaws.com/H09-AHI-L3C-ACSPO-v2.90/20230821130000-STAR-L3C_GHRSST-SSTsubskin-AHI_H09-ACSPO_V2.90-v02.0-fv01.0.nc?A-userid=podaaccloud'(trusted)
1692903038,1556,info,request size: 17KB,memory used by process: 7161512KB
1692903041,1556,info,CurlUtils::retrieve_effective_url() - Source URL: 'https://data.nsidc.uat.earthdatacloud.nasa.gov/nsidc-cumulus-uat-protected/ATLAS/ATL06/005/2020/01/01/ATL06_20200101223747_00950603_005_01.h5(trusted)' CURLINFO_EFFECTIVE_URL: 'https://nsidc-cumulus-uat-protected.s3.us-west-2.amazonaws.com/ATLAS/ATL06/005/2020/01/01/ATL06_20200101223747_00950603_005_01.h5?A-userid=jhrguat'(trusted)
1692903117,1556,info,request size: 17KB,memory used by process: 7161512KB
1692903162,1556,info,request size: 41KB,memory used by process: 7161512KB
1692903165,1556,info,CurlUtils::retrieve_effective_url() - Source URL: 'https://data.nsidc.uat.earthdatacloud.nasa.gov/nsidc-cumulus-uat-protected/ATLAS/ATL07/005/2020/01/01/ATL07-01_20200101015629_00820601_005_01.h5(trusted)' CURLINFO_EFFECTIVE_URL: 'https://nsidc-cumulus-uat-protected.s3.us-west-2.amazonaws.com/ATLAS/ATL07/005/2020/01/01/ATL07-01_20200101015629_00820601_005_01.h5?A-userid=jhrguat'(trusted)
1692903207,1556,info,request size: 41KB,memory used by process: 7161512KB
1692903243,1556,info,request size: 41KB,memory used by process: 7161512KB
1692903282,1556,info,request size: 41KB,memory used by process: 7161512KB
1692903322,1556,info,request size: 11KB,memory used by process: 7161512KB
1692903325,1556,info,CurlUtils::retrieve_effective_url() - Source URL: 'https://data.nsidc.uat.earthdatacloud.nasa.gov/nsidc-cumulus-uat-protected/ATLAS/ATL08/005/2020/01/01/ATL08_20200101145654_00900605_005_01.h5(trusted)' CURLINFO_EFFECTIVE_URL: 'https://nsidc-cumulus-uat-protected.s3.us-west-2.amazonaws.com/ATLAS/ATL08/005/2020/01/01/ATL08_20200101145654_00900605_005_01.h5?A-userid=jhrguat'(trusted)
1692903345,1556,info,request size: 11KB,memory used by process: 7161512KB
1692903380,1556,info,request size: 11KB,memory used by process: 7161512KB
1692903426,1556,info,request size: 20KB,memory used by process: 7161512KB
1692903429,1556,info,CurlUtils::retrieve_effective_url() - Source URL: 'https://data.nsidc.uat.earthdatacloud.nasa.gov/nsidc-cumulus-uat-protected/ATLAS/ATL10/005/2020/01/01/ATL10-01_20200101002212_00810601_005_02.h5(trusted)' CURLINFO_EFFECTIVE_URL: 'https://nsidc-cumulus-uat-protected.s3.us-west-2.amazonaws.com/ATLAS/ATL10/005/2020/01/01/ATL10-01_20200101002212_00810601_005_02.h5?A-userid=jhrguat'(trusted)
1692903499,1556,info,request size: 20KB,memory used by process: 7161512KB
1692903529,1556,info,request size: 20KB,memory used by process: 7161512KB
1692903573,1556,info,request size: 203KB,memory used by process: 7161512KB
1692903576,1556,info,CurlUtils::retrieve_effective_url() - Source URL: 'https://data.nsidc.uat.earthdatacloud.nasa.gov/nsidc-cumulus-uat-protected/ATLAS/ATL12/005/2020/01/ATL12_20200101002212_00810601_005_02.h5(trusted)' CURLINFO_EFFECTIVE_URL: 'https://nsidc-cumulus-uat-protected.s3.us-west-2.amazonaws.com/ATLAS/ATL12/005/2020/01/ATL12_20200101002212_00810601_005_02.h5?A-userid=jhrguat'(trusted)
1692903630,1556,info,request size: 203KB,memory used by process: 7161512KB
1692903665,1556,info,request size: 203KB,memory used by process: 7161512KB
1692903720,1556,info,request size: 43KB,memory used by process: 7161512KB
1692903722,1556,info,CurlUtils::retrieve_effective_url() - Source URL: 'https://data.nsidc.uat.earthdatacloud.nasa.gov/nsidc-cumulus-uat-protected/ATLAS/ATL13/005/2020/01/ATL13_20200101002212_00810601_005_01.h5(trusted)' CURLINFO_EFFECTIVE_URL: 'https://nsidc-cumulus-uat-protected.s3.us-west-2.amazonaws.com/ATLAS/ATL13/005/2020/01/ATL13_20200101002212_00810601_005_01.h5?A-userid=jhrguat'(trusted)
1692903796,1556,info,request size: 43KB,memory used by process: 7161512KB
1692903845,1556,info,request size: 136KB,memory used by process: 7161512KB
1692903884,1556,info,request size: 136KB,memory used by process: 7161512KB
1692904052,1556,info,request size: 4955KB,memory used by process: 7161512KB
1692904054,1556,info,CurlUtils::retrieve_effective_url() - Source URL: 'https://data.nsidc.uat.earthdatacloud.nasa.gov/nsidc-cumulus-uat-protected/ATLAS/ATL03/005/2020/01/01/ATL03_20200101145654_00900605_005_01.h5(trusted)' CURLINFO_EFFECTIVE_URL: 'https://nsidc-cumulus-uat-protected.s3.us-west-2.amazonaws.com/ATLAS/ATL03/005/2020/01/01/ATL03_20200101145654_00900605_005_01.h5?A-userid=jhrguat'(trusted)
1692904145,1556,info,request size: 4955KB,memory used by process: 7161512KB
1692904227,1556,info,request size: 4955KB,memory used by process: 7161512KB
1692904319,1556,info,request size: 324KB,memory used by process: 7161512KB
1692904366,1556,info,request size: 324KB,memory used by process: 7161512KB
1692827196,1557,info,request size: 960KB,memory used by process: 34716KB
1692827199,1557,info,CurlUtils::retrieve_effective_url() - Source URL: 'https://data.nsidc.uat.earthdatacloud.nasa.gov/nsidc-cumulus-uat-protected/ATLAS/ATL08/005/2020/01/01/ATL08_20200101021201_00820603_005_01.h5(trusted)' CURLINFO_EFFECTIVE_URL: 'https://nsidc-cumulus-uat-protected.s3.us-west-2.amazonaws.com/ATLAS/ATL08/005/2020/01/01/ATL08_20200101021201_00820603_005_01.h5?A-userid=nsidc_ops'(trusted)
1692827218,1557,info,request size: 1495KB,memory used by process: 36028KB
1692827220,1557,info,CurlUtils::retrieve_effective_url() - Source URL: 'https://data.nsidc.uat.earthdatacloud.nasa.gov/nsidc-cumulus-uat-protected/ATLAS/ATL12/005/2020/01/ATL12_20200101191340_00930601_005_02.h5(trusted)' CURLINFO_EFFECTIVE_URL: 'https://nsidc-cumulus-uat-protected.s3.us-west-2.amazonaws.com/ATLAS/ATL12/005/2020/01/ATL12_20200101191340_00930601_005_02.h5?A-userid=nsidc_ops'(trusted)
1692828708,1557,info,request size: 41KB,memory used by process: 43560KB
1692828711,1557,info,CurlUtils::retrieve_effective_url() - Source URL: 'https://data.nsidc.uat.earthdatacloud.nasa.gov/nsidc-cumulus-uat-protected/ATLAS/ATL07/005/2020/01/01/ATL07-01_20200101015629_00820601_005_01.h5(trusted)' CURLINFO_EFFECTIVE_URL: 'https://nsidc-cumulus-uat-protected.s3.us-west-2.amazonaws.com/ATLAS/ATL07/005/2020/01/01/ATL07-01_20200101015629_00820601_005_01.h5?A-userid=jhrguat'(trusted)
1692829178,1557,info,CurlUtils::retrieve_effective_url() - Source URL: 'https://archive.podaac.sit.earthdata.nasa.gov/podaac-sit-cumulus-protected/H09-AHI-L2P-ACSPO-v2.90/20230821140000-STAR-L2P_GHRSST-SSTsubskin-AHI_H09-ACSPO_V2.90-v02.0-fv01.0.nc(trusted)' CURLINFO_EFFECTIVE_URL: 'https://podaac-sit-cumulus-protected.s3.us-west-2.amazonaws.com/H09-AHI-L2P-ACSPO-v2.90/20230821140000-STAR-L2P_GHRSST-SSTsubskin-AHI_H09-ACSPO_V2.90-v02.0-fv01.0.nc?A-userid=podaaccloud'(trusted)
1692829355,1557,info,request size: 41KB,memory used by process: 1643220KB
1692829394,1557,info,request size: 41KB,memory used by process: 1643220KB
1692835123,1557,info,CurlUtils::retrieve_effective_url() - Source URL: 'https://archive.podaac.sit.earthdata.nasa.gov/podaac-sit-cumulus-protected/H09-AHI-L3C-ACSPO-v2.90/20230821130000-STAR-L3C_GHRSST-SSTsubskin-AHI_H09-ACSPO_V2.90-v02.0-fv01.0.nc(trusted)' CURLINFO_EFFECTIVE_URL: 'https://podaac-sit-cumulus-protected.s3.us-west-2.amazonaws.com/H09-AHI-L3C-ACSPO-v2.90/20230821130000-STAR-L3C_GHRSST-SSTsubskin-AHI_H09-ACSPO_V2.90-v02.0-fv01.0.nc?A-userid=podaaccloud'(trusted)
1692835156,1557,info,BESUtil::file_to_stream() - Sent 36073389 bytes from file '/tmp/hyrax_fonc/dap4_nc_bes_util_pagWzf_#20230821130000-STAR-L3C_GHRSST-SSTsubskin-AHI_H09-ACSPO_V2.90-v02.0-fv01.0.nc.dmrpp_bYyVwr'. 
1692835156,1557,info,BESUtil::file_to_stream() - Using ostream: 0x7fff22f5a5b0 cout: 0x6123c0
1692836017,1557,info,request size: 738568KB,memory used by process: 3823396KB
1692836019,1557,info,CurlUtils::retrieve_effective_url() - Source URL: 'https://archive.podaac.sit.earthdata.nasa.gov/podaac-sit-cumulus-protected/H09-AHI-L2P-ACSPO-v2.90/20230821140000-STAR-L2P_GHRSST-SSTsubskin-AHI_H09-ACSPO_V2.90-v02.0-fv01.0.nc(trusted)' CURLINFO_EFFECTIVE_URL: 'https://podaac-sit-cumulus-protected.s3.us-west-2.amazonaws.com/H09-AHI-L2P-ACSPO-v2.90/20230821140000-STAR-L2P_GHRSST-SSTsubskin-AHI_H09-ACSPO_V2.90-v02.0-fv01.0.nc?A-userid=podaaccloud'(trusted)
1692876857,1557,info,CurlUtils::retrieve_effective_url() - Source URL: 'https://data.gesdisc.uat.earthdata.nasa.gov/data/GPM_L3/GPM_3IMERGHH.06/2021/273/3B-HHR.MS.MRG.3IMERG.20210930-S000000-E002959.0000.V06B.HDF5(trusted)' CURLINFO_EFFECTIVE_URL: 'https://gesdisc-cumulus-uat-protected.s3.us-west-2.amazonaws.com/GPM_L3/GPM_3IMERGHH.06/2021/273/3B-HHR.MS.MRG.3IMERG.20210930-S000000-E002959.0000.V06B.HDF5?A-userid=uuidev'(trusted)
1692884015,1557,info,CurlUtils::retrieve_effective_url() - Source URL: 'https://data.gesdisc.uat.earthdata.nasa.gov/data/GPM_L3/GPM_3IMERGHH.06/2021/273/3B-HHR.MS.MRG.3IMERG.20210930-S000000-E002959.0000.V06B.HDF5(trusted)' CURLINFO_EFFECTIVE_URL: 'https://gesdisc-cumulus-uat-protected.s3.us-west-2.amazonaws.com/GPM_L3/GPM_3IMERGHH.06/2021/273/3B-HHR.MS.MRG.3IMERG.20210930-S000000-E002959.0000.V06B.HDF5?A-userid=uuidev'(trusted)
1692890175,1557,info,request size: 11KB,memory used by process: 3823396KB
1692890177,1557,info,CurlUtils::retrieve_effective_url() - Source URL: 'https://data.nsidc.uat.earthdatacloud.nasa.gov/nsidc-cumulus-uat-protected/ATLAS/ATL08/005/2020/01/01/ATL08_20200101145654_00900605_005_01.h5(trusted)' CURLINFO_EFFECTIVE_URL: 'https://nsidc-cumulus-uat-protected.s3.us-west-2.amazonaws.com/ATLAS/ATL08/005/2020/01/01/ATL08_20200101145654_00900605_005_01.h5?A-userid=jhrguat'(trusted)
1692891323,1557,info,CurlUtils::retrieve_effective_url() - Source URL: 'https://data.gesdisc.uat.earthdata.nasa.gov/data/GPM_L3/GPM_3IMERGHH.06/2021/273/3B-HHR.MS.MRG.3IMERG.20210930-S000000-E002959.0000.V06B.HDF5(trusted)' CURLINFO_EFFECTIVE_URL: 'https://gesdisc-cumulus-uat-protected.s3.us-west-2.amazonaws.com/GPM_L3/GPM_3IMERGHH.06/2021/273/3B-HHR.MS.MRG.3IMERG.20210930-S000000-E002959.0000.V06B.HDF5?A-userid=uuidev'(trusted)
1692892785,1557,info,request size: 17KB,memory used by process: 3823396KB
1692892788,1557,info,CurlUtils::retrieve_effective_url() - Source URL: 'https://data.nsidc.uat.earthdatacloud.nasa.gov/nsidc-cumulus-uat-protected/ATLAS/ATL06/005/2020/01/01/ATL06_20200101223747_00950603_005_01.h5(trusted)' CURLINFO_EFFECTIVE_URL: 'https://nsidc-cumulus-uat-protected.s3.us-west-2.amazonaws.com/ATLAS/ATL06/005/2020/01/01/ATL06_20200101223747_00950603_005_01.h5?A-userid=jhrguat'(trusted)
1692892828,1557,info,request size: 17KB,memory used by process: 3823396KB
1692892866,1557,info,request size: 17KB,memory used by process: 3823396KB
1692892941,1557,info,request size: 41KB,memory used by process: 3823396KB
1692892943,1557,info,CurlUtils::retrieve_effective_url() - Source URL: 'https://data.nsidc.uat.earthdatacloud.nasa.gov/nsidc-cumulus-uat-protected/ATLAS/ATL07/005/2020/01/01/ATL07-01_20200101015629_00820601_005_01.h5(trusted)' CURLINFO_EFFECTIVE_URL: 'https://nsidc-cumulus-uat-protected.s3.us-west-2.amazonaws.com/ATLAS/ATL07/005/2020/01/01/ATL07-01_20200101015629_00820601_005_01.h5?A-userid=jhrguat'(trusted)
1692893004,1557,info,request size: 11KB,memory used by process: 3823396KB
1692893023,1557,info,request size: 11KB,memory used by process: 3823396KB
1692893041,1557,info,request size: 11KB,memory used by process: 3823396KB
1692893063,1557,info,request size: 11KB,memory used by process: 3823396KB
1692893118,1557,info,request size: 20KB,memory used by process: 3823396KB
1692893120,1557,info,CurlUtils::retrieve_effective_url() - Source URL: 'https://data.nsidc.uat.earthdatacloud.nasa.gov/nsidc-cumulus-uat-protected/ATLAS/ATL10/005/2020/01/01/ATL10-01_20200101002212_00810601_005_02.h5(trusted)' CURLINFO_EFFECTIVE_URL: 'https://nsidc-cumulus-uat-protected.s3.us-west-2.amazonaws.com/ATLAS/ATL10/005/2020/01/01/ATL10-01_20200101002212_00810601_005_02.h5?A-userid=jhrguat'(trusted)
1692893160,1557,info,request size: 20KB,memory used by process: 3823396KB
1692893221,1557,info,request size: 203KB,memory used by process: 3823396KB
1692893223,1557,info,CurlUtils::retrieve_effective_url() - Source URL: 'https://data.nsidc.uat.earthdatacloud.nasa.gov/nsidc-cumulus-uat-protected/ATLAS/ATL12/005/2020/01/ATL12_20200101002212_00810601_005_02.h5(trusted)' CURLINFO_EFFECTIVE_URL: 'https://nsidc-cumulus-uat-protected.s3.us-west-2.amazonaws.com/ATLAS/ATL12/005/2020/01/ATL12_20200101002212_00810601_005_02.h5?A-userid=jhrguat'(trusted)
1692893260,1557,info,request size: 203KB,memory used by process: 3823396KB
1692893311,1557,info,request size: 203KB,memory used by process: 3823396KB
1692893356,1557,info,request size: 43KB,memory used by process: 3823396KB
1692893358,1557,info,CurlUtils::retrieve_effective_url() - Source URL: 'https://data.nsidc.uat.earthdatacloud.nasa.gov/nsidc-cumulus-uat-protected/ATLAS/ATL13/005/2020/01/ATL13_20200101002212_00810601_005_01.h5(trusted)' CURLINFO_EFFECTIVE_URL: 'https://nsidc-cumulus-uat-protected.s3.us-west-2.amazonaws.com/ATLAS/ATL13/005/2020/01/ATL13_20200101002212_00810601_005_01.h5?A-userid=jhrguat'(trusted)
1692893388,1557,info,request size: 43KB,memory used by process: 3823396KB
1692893428,1557,info,request size: 136KB,memory used by process: 3823396KB
1692893470,1557,info,request size: 136KB,memory used by process: 3823396KB
1692893491,1557,info,request size: 136KB,memory used by process: 3823396KB
1692893516,1557,info,request size: 4955KB,memory used by process: 3823396KB
1692893519,1557,info,CurlUtils::retrieve_effective_url() - Source URL: 'https://data.nsidc.uat.earthdatacloud.nasa.gov/nsidc-cumulus-uat-protected/ATLAS/ATL03/005/2020/01/01/ATL03_20200101145654_00900605_005_01.h5(trusted)' CURLINFO_EFFECTIVE_URL: 'https://nsidc-cumulus-uat-protected.s3.us-west-2.amazonaws.com/ATLAS/ATL03/005/2020/01/01/ATL03_20200101145654_00900605_005_01.h5?A-userid=jhrguat'(trusted)
1692893572,1557,info,request size: 4955KB,memory used by process: 3823396KB
1692893626,1557,info,request size: 4955KB,memory used by process: 3823396KB
1692893655,1557,info,request size: 324KB,memory used by process: 3823396KB
1692893694,1557,info,request size: 324KB,memory used by process: 3823396KB
1692893713,1557,info,request size: 324KB,memory used by process: 3823396KB
1692899168,1557,info,CurlUtils::retrieve_effective_url() - Source URL: 'https://archive.podaac.sit.earthdata.nasa.gov/podaac-sit-cumulus-protected/H09-AHI-L3C-ACSPO-v2.90/20230821130000-STAR-L3C_GHRSST-SSTsubskin-AHI_H09-ACSPO_V2.90-v02.0-fv01.0.nc(trusted)' CURLINFO_EFFECTIVE_URL: 'https://podaac-sit-cumulus-protected.s3.us-west-2.amazonaws.com/H09-AHI-L3C-ACSPO-v2.90/20230821130000-STAR-L3C_GHRSST-SSTsubskin-AHI_H09-ACSPO_V2.90-v02.0-fv01.0.nc?A-userid=podaaccloud'(trusted)
1692899828,1557,info,CurlUtils::retrieve_effective_url() - Source URL: 'https://archive.podaac.sit.earthdata.nasa.gov/podaac-sit-cumulus-protected/H09-AHI-L2P-ACSPO-v2.90/20230821140000-STAR-L2P_GHRSST-SSTsubskin-AHI_H09-ACSPO_V2.90-v02.0-fv01.0.nc(trusted)' CURLINFO_EFFECTIVE_URL: 'https://podaac-sit-cumulus-protected.s3.us-west-2.amazonaws.com/H09-AHI-L2P-ACSPO-v2.90/20230821140000-STAR-L2P_GHRSST-SSTsubskin-AHI_H09-ACSPO_V2.90-v02.0-fv01.0.nc?A-userid=podaaccloud'(trusted)
1692899839,1557,info,BESUtil::file_to_stream() - Using ostream: 0x7fff22f5a5b0 cout: 0x6123c0
1692899840,1557,info,BESUtil::file_to_stream() - Sent 45612251 bytes from file '/tmp/hyrax_fonc/dap4_nc_bes_util_DAvtRw_#20230821140000-STAR-L2P_GHRSST-SSTsubskin-AHI_H09-ACSPO_V2.90-v02.0-fv01.0.nc.dmrpp_HHYasb'. 
1692903081,1557,info,request size: 17KB,memory used by process: 7086028KB
1692903083,1557,info,CurlUtils::retrieve_effective_url() - Source URL: 'https://data.nsidc.uat.earthdatacloud.nasa.gov/nsidc-cumulus-uat-protected/ATLAS/ATL06/005/2020/01/01/ATL06_20200101223747_00950603_005_01.h5(trusted)' CURLINFO_EFFECTIVE_URL: 'https://nsidc-cumulus-uat-protected.s3.us-west-2.amazonaws.com/ATLAS/ATL06/005/2020/01/01/ATL06_20200101223747_00950603_005_01.h5?A-userid=jhrguat'(trusted)
1692903132,1557,info,request size: 17KB,memory used by process: 7086028KB
1692903182,1557,info,request size: 41KB,memory used by process: 7086028KB
1692903185,1557,info,CurlUtils::retrieve_effective_url() - Source URL: 'https://data.nsidc.uat.earthdatacloud.nasa.gov/nsidc-cumulus-uat-protected/ATLAS/ATL07/005/2020/01/01/ATL07-01_20200101015629_00820601_005_01.h5(trusted)' CURLINFO_EFFECTIVE_URL: 'https://nsidc-cumulus-uat-protected.s3.us-west-2.amazonaws.com/ATLAS/ATL07/005/2020/01/01/ATL07-01_20200101015629_00820601_005_01.h5?A-userid=jhrguat'(trusted)
1692903217,1557,info,request size: 41KB,memory used by process: 7086028KB
1692903265,1557,info,request size: 41KB,memory used by process: 7086028KB
1692903308,1557,info,request size: 11KB,memory used by process: 7086028KB
1692903310,1557,info,CurlUtils::retrieve_effective_url() - Source URL: 'https://data.nsidc.uat.earthdatacloud.nasa.gov/nsidc-cumulus-uat-protected/ATLAS/ATL08/005/2020/01/01/ATL08_20200101145654_00900605_005_01.h5(trusted)' CURLINFO_EFFECTIVE_URL: 'https://nsidc-cumulus-uat-protected.s3.us-west-2.amazonaws.com/ATLAS/ATL08/005/2020/01/01/ATL08_20200101145654_00900605_005_01.h5?A-userid=jhrguat'(trusted)
1692903336,1557,info,request size: 11KB,memory used by process: 7086028KB
1692903371,1557,info,request size: 11KB,memory used by process: 7086028KB
1692903404,1557,info,request size: 11KB,memory used by process: 7086028KB
1692903474,1557,info,request size: 20KB,memory used by process: 7086028KB
1692903477,1557,info,CurlUtils::retrieve_effective_url() - Source URL: 'https://data.nsidc.uat.earthdatacloud.nasa.gov/nsidc-cumulus-uat-protected/ATLAS/ATL10/005/2020/01/01/ATL10-01_20200101002212_00810601_005_02.h5(trusted)' CURLINFO_EFFECTIVE_URL: 'https://nsidc-cumulus-uat-protected.s3.us-west-2.amazonaws.com/ATLAS/ATL10/005/2020/01/01/ATL10-01_20200101002212_00810601_005_02.h5?A-userid=jhrguat'(trusted)
1692903519,1557,info,request size: 20KB,memory used by process: 7086028KB
1692903539,1557,info,request size: 203KB,memory used by process: 7086028KB
1692903542,1557,info,CurlUtils::retrieve_effective_url() - Source URL: 'https://data.nsidc.uat.earthdatacloud.nasa.gov/nsidc-cumulus-uat-protected/ATLAS/ATL12/005/2020/01/ATL12_20200101002212_00810601_005_02.h5(trusted)' CURLINFO_EFFECTIVE_URL: 'https://nsidc-cumulus-uat-protected.s3.us-west-2.amazonaws.com/ATLAS/ATL12/005/2020/01/ATL12_20200101002212_00810601_005_02.h5?A-userid=jhrguat'(trusted)
1692903604,1557,info,request size: 203KB,memory used by process: 7086028KB
1692903654,1557,info,request size: 203KB,memory used by process: 7086028KB
1692903700,1557,info,request size: 43KB,memory used by process: 7086028KB
1692903702,1557,info,CurlUtils::retrieve_effective_url() - Source URL: 'https://data.nsidc.uat.earthdatacloud.nasa.gov/nsidc-cumulus-uat-protected/ATLAS/ATL13/005/2020/01/ATL13_20200101002212_00810601_005_01.h5(trusted)' CURLINFO_EFFECTIVE_URL: 'https://nsidc-cumulus-uat-protected.s3.us-west-2.amazonaws.com/ATLAS/ATL13/005/2020/01/ATL13_20200101002212_00810601_005_01.h5?A-userid=jhrguat'(trusted)
1692903756,1557,info,request size: 43KB,memory used by process: 7086028KB
1692903817,1557,info,request size: 43KB,memory used by process: 7086028KB
1692903873,1557,info,request size: 136KB,memory used by process: 7086028KB
1692903916,1557,info,request size: 136KB,memory used by process: 7086028KB
1692904115,1557,info,request size: 4955KB,memory used by process: 7086028KB
1692904117,1557,info,CurlUtils::retrieve_effective_url() - Source URL: 'https://data.nsidc.uat.earthdatacloud.nasa.gov/nsidc-cumulus-uat-protected/ATLAS/ATL03/005/2020/01/01/ATL03_20200101145654_00900605_005_01.h5(trusted)' CURLINFO_EFFECTIVE_URL: 'https://nsidc-cumulus-uat-protected.s3.us-west-2.amazonaws.com/ATLAS/ATL03/005/2020/01/01/ATL03_20200101145654_00900605_005_01.h5?A-userid=jhrguat'(trusted)
1692904187,1557,info,request size: 4955KB,memory used by process: 7086028KB
1692904298,1557,info,request size: 324KB,memory used by process: 7086028KB
1692904335,1557,info,request size: 324KB,memory used by process: 7086028KB
