1692827043,187,error,CredentialsManager::load_credentials() - CredentialsManager config file /etc/bes/credentials.conf was specified but is not present.
1692835611,187,error,ERROR: BES User Syntax Error: This dataset contains variables and/or attributes whose data types are not compatible with the 
1692918405,187,error,ERROR - The HTTP GET request for the source URL: https://d16xwb4cnl582v.cloudfront.net/podaac-swot-sit-cumulus-protected/SWOT_ATTD_RECONST_1.0/SWOT_ATTD_RECONST_20230812T225923_20230814T005923_PIA1_01.nc.dmrpp FAILED. CURLINFO_EFFECTIVE_URL: https://d16xwb4cnl582v.cloudfront.net/podaac-swot-sit-cumulus-protected/SWOT_ATTD_RECONST_1.0/SWOT_ATTD_RECONST_20230812T225923_20230814T005923_PIA1_01.nc.dmrpp The response had an HTTP status of 403 which means Forbidden: Contact the server administrator.
1692918405,187,error,ERROR: BES Forbidden Error: ERROR - The HTTP GET request for the source URL: https://d16xwb4cnl582v.cloudfront.net/podaac-swot-sit-cumulus-protected/SWOT_ATTD_RECONST_1.0/SWOT_ATTD_RECONST_20230812T225923_20230814T005923_PIA1_01.nc.dmrpp FAILED. CURLINFO_EFFECTIVE_URL: https://d16xwb4cnl582v.cloudfront.net/podaac-swot-sit-cumulus-protected/SWOT_ATTD_RECONST_1.0/SWOT_ATTD_RECONST_20230812T225923_20230814T005923_PIA1_01.nc.dmrpp The response had an HTTP status of 403 which means Forbidden: Contact the server administrator. (CurlUtils.cc:832), current memory usage is 7264856 KB.
1692920948,187,error,ERROR - The HTTP GET request for the source URL: https://d16xwb4cnl582v.cloudfront.net/podaac-swot-sit-cumulus-protected/SWOT_L2_LR_SSH_1.0/SWOT_L2_LR_SSH_Basic_548_014_20230610T213435_20230610T222014_PIA1_01.nc.dmrpp FAILED. CURLINFO_EFFECTIVE_URL: https://d16xwb4cnl582v.cloudfront.net/podaac-swot-sit-cumulus-protected/SWOT_L2_LR_SSH_1.0/SWOT_L2_LR_SSH_Basic_548_014_20230610T213435_20230610T222014_PIA1_01.nc.dmrpp The response had an HTTP status of 403 which means Forbidden: Contact the server administrator.
1692920948,187,error,ERROR: BES Forbidden Error: ERROR - The HTTP GET request for the source URL: https://d16xwb4cnl582v.cloudfront.net/podaac-swot-sit-cumulus-protected/SWOT_L2_LR_SSH_1.0/SWOT_L2_LR_SSH_Basic_548_014_20230610T213435_20230610T222014_PIA1_01.nc.dmrpp FAILED. CURLINFO_EFFECTIVE_URL: https://d16xwb4cnl582v.cloudfront.net/podaac-swot-sit-cumulus-protected/SWOT_L2_LR_SSH_1.0/SWOT_L2_LR_SSH_Basic_548_014_20230610T213435_20230610T222014_PIA1_01.nc.dmrpp The response had an HTTP status of 403 which means Forbidden: Contact the server administrator. (CurlUtils.cc:832), current memory usage is 7264856 KB.
1692926163,187,error,ERROR: BES Internal Error: Failed to acquire byte buffer from which to read string array data. (DmrppArray.cc:1727), current memory usage is 7264856 KB.
1692991590,187,error,ERROR: BES Not Found Error: Failed to locate '/usr/share/hyrax/data/catalog.xml' (BESUtil.cc:298), current memory usage is 7264856 KB.
1692992542,187,error,ERROR: BES Not Found Error: Failed to locate '/usr/share/hyrax/data/hdf4/catalog.xml' (BESUtil.cc:298), current memory usage is 7264856 KB.
1692992762,187,error,ERROR: BES Not Found Error: Failed to locate '/usr/share/hyrax/data/dapreader/dap4/D4-xml/catalog.xml' (BESUtil.cc:298), current memory usage is 7264856 KB.
1692992976,187,error,ERROR: BES Not Found Error: Failed to locate '/usr/share/hyrax/APIs/' (BESUtil.cc:298), current memory usage is 7264856 KB.
1692992977,187,error,ERROR: BES Not Found Error: Failed to locate '/usr/share/hyrax/data/ncml/agg/APIs/' (BESUtil.cc:298), current memory usage is 7264856 KB.
1692992978,187,error,ERROR: BES Not Found Error: Failed to locate '/usr/share/hyrax/service/' (BESUtil.cc:298), current memory usage is 7264856 KB.
1692992979,187,error,ERROR: BES Not Found Error: Failed to locate '/usr/share/hyrax/data/hdf4/service/' (BESUtil.cc:298), current memory usage is 7264856 KB.
1692992980,187,error,ERROR: BES Not Found Error: Failed to locate '/usr/share/hyrax/Service/' (BESUtil.cc:298), current memory usage is 7264856 KB.
1692992981,187,error,ERROR: BES Not Found Error: Failed to locate '/usr/share/hyrax/data/stare/Service/' (BESUtil.cc:298), current memory usage is 7264856 KB.
1692992982,187,error,ERROR: BES Not Found Error: Failed to locate '/usr/share/hyrax/data/dapreader/dap4/Service/' (BESUtil.cc:298), current memory usage is 7264856 KB.
1692992983,187,error,ERROR: BES Not Found Error: Failed to locate '/usr/share/hyrax/data/gdal/SERVICE/' (BESUtil.cc:298), current memory usage is 7264856 KB.
1692992985,187,error,ERROR: BES Not Found Error: Failed to locate '/usr/share/hyrax/data/hdf4/SERVICE/' (BESUtil.cc:298), current memory usage is 7264856 KB.
1692992988,187,error,ERROR: BES Not Found Error: Failed to locate '/usr/share/hyrax/data/nc/WebService/' (BESUtil.cc:298), current memory usage is 7264856 KB.
1692992989,187,error,ERROR: BES Not Found Error: Failed to locate '/usr/share/hyrax/data/stare/WebService/' (BESUtil.cc:298), current memory usage is 7264856 KB.
1692992991,187,error,ERROR: BES Not Found Error: Failed to locate '/usr/share/hyrax/data/ncml/agg/WebService/' (BESUtil.cc:298), current memory usage is 7264856 KB.
1692993033,187,error,ERROR: BES Not Found Error: Failed to locate '/usr/share/hyrax/data/nc/ws/' (BESUtil.cc:298), current memory usage is 7264856 KB.
1692993035,187,error,ERROR: BES Not Found Error: Failed to locate '/usr/share/hyrax/data/hdf4/ws/' (BESUtil.cc:298), current memory usage is 7264856 KB.
1692993036,187,error,ERROR: BES Not Found Error: Failed to locate '/usr/share/hyrax/WS/' (BESUtil.cc:298), current memory usage is 7264856 KB.
1692993038,187,error,ERROR: BES Not Found Error: Failed to locate '/usr/share/hyrax/data/ff/WS/' (BESUtil.cc:298), current memory usage is 7264856 KB.
1692993040,187,error,ERROR: BES Not Found Error: Failed to locate '/usr/share/hyrax/data/wsdl/' (BESUtil.cc:298), current memory usage is 7264856 KB.
1692993041,187,error,ERROR: BES Not Found Error: Failed to locate '/usr/share/hyrax/data/ff/wsdl/' (BESUtil.cc:298), current memory usage is 7264856 KB.
1692993043,187,error,ERROR: BES Not Found Error: Failed to locate '/usr/share/hyrax/data/ncml/agg/dated/wsdl/' (BESUtil.cc:298), current memory usage is 7264856 KB.
1692993044,187,error,ERROR: BES Not Found Error: Failed to locate '/usr/share/hyrax/data/csv/WSDL/' (BESUtil.cc:298), current memory usage is 7264856 KB.
1692993045,187,error,ERROR: BES Not Found Error: Failed to locate '/usr/share/hyrax/data/hdf5/WSDL/' (BESUtil.cc:298), current memory usage is 7264856 KB.
1692993100,187,error,ERROR: BES Not Found Error: Failed to locate '/usr/share/hyrax/data/dapreader/catalog.xml' (BESUtil.cc:298), current memory usage is 7264856 KB.
1692993109,187,error,ERROR: BES Not Found Error: Failed to locate '/usr/share/hyrax/data/nc/api.jsp' (BESUtil.cc:298), current memory usage is 7264856 KB.
1692993111,187,error,ERROR: BES Not Found Error: Failed to locate '/usr/share/hyrax/data/dapreader/dap4/D4-xml/api.jsp' (BESUtil.cc:298), current memory usage is 7264856 KB.
1692993111,187,error,ERROR: BES Not Found Error: Failed to locate '/usr/share/hyrax/data/hdf4/api.jsp' (BESUtil.cc:298), current memory usage is 7264856 KB.
1692993112,187,error,ERROR: BES Not Found Error: Failed to locate '/usr/share/hyrax/data/ugrids/service.jsp' (BESUtil.cc:298), current memory usage is 7264856 KB.
1692993113,187,error,ERROR: BES Not Found Error: Failed to locate '/usr/share/hyrax/data/dapreader/dap4/D4-xml/service.jsp' (BESUtil.cc:298), current memory usage is 7264856 KB.
1692993114,187,error,ERROR: BES Not Found Error: Failed to locate '/usr/share/hyrax/data/ncml/ws.jsp' (BESUtil.cc:298), current memory usage is 7264856 KB.
1692993115,187,error,ERROR: BES Not Found Error: Failed to locate '/usr/share/hyrax/data/dapreader/dap4/ws.jsp' (BESUtil.cc:298), current memory usage is 7264856 KB.
1692993137,187,error,ERROR: BES Not Found Error: Failed to locate '/usr/share/hyrax/data/ncml/agg/dated/catalog.xml' (BESUtil.cc:298), current memory usage is 7264856 KB.
1692993459,187,error,ERROR: BES Not Found Error: Failed to locate '/usr/share/hyrax/data/dapreader/dap4/D4-xml/catalog.xml' (BESUtil.cc:298), current memory usage is 7264856 KB.
1692993538,187,error,ERROR: BES Not Found Error: Failed to locate '/usr/share/hyrax/catalog.xml' (BESUtil.cc:298), current memory usage is 7264856 KB.
1692993776,187,error,ERROR: BES Not Found Error: Failed to locate '/usr/share/hyrax/data/gdal/catalog.xml' (BESUtil.cc:298), current memory usage is 7264856 KB.
1692993779,187,error,ERROR: BES Not Found Error: Failed to locate '/usr/share/hyrax/data/nc/catalog.xml' (BESUtil.cc:298), current memory usage is 7264856 KB.
1692993881,187,error,ERROR: BES Not Found Error: Failed to locate '/usr/share/hyrax/data/stare/catalog.xml' (BESUtil.cc:298), current memory usage is 7264856 KB.
1692994042,187,error,ERROR: BES Not Found Error: Failed to locate '/usr/share/hyrax/data/ncml/agg/dated/catalog.xml' (BESUtil.cc:298), current memory usage is 7264856 KB.
1692994361,187,error,ERROR: BES Not Found Error: Failed to locate '/usr/share/hyrax/data/ff/catalog.xml' (BESUtil.cc:298), current memory usage is 7264856 KB.
1692994381,187,error,ERROR: BES Not Found Error: Failed to locate '/usr/share/hyrax/data/hdf4/catalog.xml' (BESUtil.cc:298), current memory usage is 7264856 KB.
1692994390,187,error,ERROR: BES Not Found Error: Failed to locate '/usr/share/hyrax/data/nc/catalog.xml' (BESUtil.cc:298), current memory usage is 7264856 KB.
1692994402,187,error,ERROR: BES Not Found Error: Failed to locate '/usr/share/hyrax/data/ncml/agg/catalog.xml' (BESUtil.cc:298), current memory usage is 7264856 KB.
1692994857,187,error,ERROR: BES Not Found Error: Failed to locate '/usr/share/hyrax/data/ncml/catalog.xml' (BESUtil.cc:298), current memory usage is 7264856 KB.
1692995012,187,error,ERROR: BES Not Found Error: Failed to locate '/usr/share/hyrax/data/gdal/catalog.xml' (BESUtil.cc:298), current memory usage is 7264856 KB.
1692995073,187,error,ERROR: BES Not Found Error: Failed to locate '/usr/share/hyrax/data/hdf5/catalog.xml' (BESUtil.cc:298), current memory usage is 7264856 KB.
1692995075,187,error,ERROR: BES Not Found Error: Failed to locate '/usr/share/hyrax/data/hdf4/catalog.xml' (BESUtil.cc:298), current memory usage is 7264856 KB.
1692995085,187,error,ERROR: BES Not Found Error: Failed to locate '/usr/share/hyrax/data/ff/catalog.xml' (BESUtil.cc:298), current memory usage is 7264856 KB.
1692995777,187,error,ERROR: BES Not Found Error: Failed to locate '/usr/share/hyrax/data/###4444#333 + #_QUALYS###/###8888#111 + #_QUALYS###/' (BESUtil.cc:298), current memory usage is 7264856 KB.
1692995777,187,error,ERROR: BES Not Found Error: Failed to locate '/usr/share/hyrax/data/csv/###4444#333 + #_QUALYS###/###8888#111 + #_QUALYS###/' (BESUtil.cc:298), current memory usage is 7264856 KB.
1692995778,187,error,ERROR: BES Not Found Error: Failed to locate '/usr/share/hyrax/data/ncml/agg/###4444#333 + #_QUALYS###/###8888#111 + #_QUALYS###/' (BESUtil.cc:298), current memory usage is 7264856 KB.
1692995782,187,error,ERROR: BES Not Found Error: Failed to locate '/usr/share/hyrax/data/nc/axis2-admin/login' (BESUtil.cc:298), current memory usage is 7264856 KB.
1692995783,187,error,ERROR: BES Not Found Error: Failed to locate '/usr/share/hyrax/data/ncml/agg/axis2-admin/login' (BESUtil.cc:298), current memory usage is 7264856 KB.
1692995809,187,error,ERROR: BES Not Found Error: Failed to locate '/usr/share/hyrax/data/dapreader/admin/' (BESUtil.cc:298), current memory usage is 7264856 KB.
1692995810,187,error,ERROR: BES Not Found Error: Failed to locate '/usr/share/hyrax/data/ncml/agg/grids/admin/' (BESUtil.cc:298), current memory usage is 7264856 KB.
1692995811,187,error,ERROR: BES Not Found Error: Failed to locate '/usr/share/hyrax/data/csv/adm/' (BESUtil.cc:298), current memory usage is 7264856 KB.
1692995811,187,error,ERROR: BES Not Found Error: Failed to locate '/usr/share/hyrax/data/gdal/adm/' (BESUtil.cc:298), current memory usage is 7264856 KB.
1692995812,187,error,ERROR: BES Not Found Error: Failed to locate '/usr/share/hyrax/data/hdf5/adm/' (BESUtil.cc:298), current memory usage is 7264856 KB.
1692995813,187,error,ERROR: BES Not Found Error: Failed to locate '/usr/share/hyrax/data/nc/administration/' (BESUtil.cc:298), current memory usage is 7264856 KB.
1692995814,187,error,ERROR: BES Not Found Error: Failed to locate '/usr/share/hyrax/data/dapreader/administration/' (BESUtil.cc:298), current memory usage is 7264856 KB.
1692995818,187,error,ERROR: BES Not Found Error: Failed to locate '/usr/share/hyrax/data/admin.jsp' (BESUtil.cc:298), current memory usage is 7264856 KB.
1692995820,187,error,ERROR: BES Not Found Error: Failed to locate '/usr/share/hyrax/data/dapreader/admin.jsp' (BESUtil.cc:298), current memory usage is 7264856 KB.
1692995823,187,error,ERROR: BES Not Found Error: Failed to locate '/usr/share/hyrax/data/dapreader/dap4/D4-xml/admin.jsp' (BESUtil.cc:298), current memory usage is 7264856 KB.
1692995873,187,error,ERROR: BES Not Found Error: Failed to locate '/usr/share/hyrax/data/hdf5/src/' (BESUtil.cc:298), current memory usage is 7264856 KB.
1692995877,187,error,ERROR: BES Not Found Error: Failed to locate '/usr/share/hyrax/data/nc/common/' (BESUtil.cc:298), current memory usage is 7264856 KB.
1692995879,187,error,ERROR: BES Not Found Error: Failed to locate '/usr/share/hyrax/data/dapreader/dap4/common/' (BESUtil.cc:298), current memory usage is 7264856 KB.
1692995880,187,error,ERROR: BES Not Found Error: Failed to locate '/usr/share/hyrax/data/nc/config/' (BESUtil.cc:298), current memory usage is 7264856 KB.
1692995882,187,error,ERROR: BES Not Found Error: Failed to locate '/usr/share/hyrax/data/hdf4/config/' (BESUtil.cc:298), current memory usage is 7264856 KB.
1692995884,187,error,ERROR: BES Not Found Error: Failed to locate '/usr/share/hyrax/data/css/' (BESUtil.cc:298), current memory usage is 7264856 KB.
1692995885,187,error,ERROR: BES Not Found Error: Failed to locate '/usr/share/hyrax/data/ugrids/css/' (BESUtil.cc:298), current memory usage is 7264856 KB.
1692995888,187,error,ERROR: BES Not Found Error: Failed to locate '/usr/share/hyrax/data/ncml/agg/grids/css/' (BESUtil.cc:298), current memory usage is 7264856 KB.
1692995931,187,error,ERROR: BES Not Found Error: Failed to locate '/usr/share/hyrax/data/docs/' (BESUtil.cc:298), current memory usage is 7264856 KB.
1692995933,187,error,ERROR: BES Not Found Error: Failed to locate '/usr/share/hyrax/data/dapreader/docs/' (BESUtil.cc:298), current memory usage is 7264856 KB.
1692995933,187,error,ERROR: BES Not Found Error: Failed to locate '/usr/share/hyrax/data/ncml/agg/grids/docs/' (BESUtil.cc:298), current memory usage is 7264856 KB.
1692995935,187,error,ERROR: BES Not Found Error: Failed to locate '/usr/share/hyrax/data/dmrpp/external/' (BESUtil.cc:298), current memory usage is 7264856 KB.
1692995936,187,error,ERROR: BES Not Found Error: Failed to locate '/usr/share/hyrax/data/ncml/external/' (BESUtil.cc:298), current memory usage is 7264856 KB.
1692995937,187,error,ERROR: BES Not Found Error: Failed to locate '/usr/share/hyrax/data/ncml/agg/grids/external/' (BESUtil.cc:298), current memory usage is 7264856 KB.
1692995938,187,error,ERROR: BES Not Found Error: Failed to locate '/usr/share/hyrax/data/dmrpp/history/' (BESUtil.cc:298), current memory usage is 7264856 KB.
1692995940,187,error,ERROR: BES Not Found Error: Failed to locate '/usr/share/hyrax/data/dapreader/history/' (BESUtil.cc:298), current memory usage is 7264856 KB.
1692995940,187,error,ERROR: BES Not Found Error: Failed to locate '/usr/share/hyrax/data/ncml/agg/grids/history/' (BESUtil.cc:298), current memory usage is 7264856 KB.
1692995943,187,error,ERROR: BES Not Found Error: Failed to locate '/usr/share/hyrax/data/ncml/include/' (BESUtil.cc:298), current memory usage is 7264856 KB.
1692995944,187,error,ERROR: BES Not Found Error: Failed to locate '/usr/share/hyrax/data/ncml/agg/dated/include/' (BESUtil.cc:298), current memory usage is 7264856 KB.
1692995946,187,error,ERROR: BES Not Found Error: Failed to locate '/usr/share/hyrax/data/nc/includes/' (BESUtil.cc:298), current memory usage is 7264856 KB.
1692995948,187,error,ERROR: BES Not Found Error: Failed to locate '/usr/share/hyrax/data/hdf4/includes/' (BESUtil.cc:298), current memory usage is 7264856 KB.
1692995950,187,error,ERROR: BES Not Found Error: Failed to locate '/usr/share/hyrax/data/nc/js/' (BESUtil.cc:298), current memory usage is 7264856 KB.
1692995952,187,error,ERROR: BES Not Found Error: Failed to locate '/usr/share/hyrax/data/hdf5/js/' (BESUtil.cc:298), current memory usage is 7264856 KB.
1692995954,187,error,ERROR: BES Not Found Error: Failed to locate '/usr/share/hyrax/data/dapreader/dap4/dmr-testsuite/js/' (BESUtil.cc:298), current memory usage is 7264856 KB.
1692995993,187,error,ERROR: BES Not Found Error: Failed to locate '/usr/share/hyrax/data/dapreader/lib/' (BESUtil.cc:298), current memory usage is 7264856 KB.
1692995995,187,error,ERROR: BES Not Found Error: Failed to locate '/usr/share/hyrax/data/ncml/agg/dated/lib/' (BESUtil.cc:298), current memory usage is 7264856 KB.
1692996000,187,error,ERROR: BES Not Found Error: Failed to locate '/usr/share/hyrax/data/dmrpp/test.jsp' (BESUtil.cc:298), current memory usage is 7264856 KB.
1692996002,187,error,ERROR: BES Not Found Error: Failed to locate '/usr/share/hyrax/data/hdf5/test.jsp' (BESUtil.cc:298), current memory usage is 7264856 KB.
1692996007,187,error,ERROR: BES Not Found Error: Failed to locate '/usr/share/hyrax/data/bin/' (BESUtil.cc:298), current memory usage is 7264856 KB.
1692996008,187,error,ERROR: BES Not Found Error: Failed to locate '/usr/share/hyrax/data/csv/bin/' (BESUtil.cc:298), current memory usage is 7264856 KB.
1692996010,187,error,ERROR: BES Not Found Error: Failed to locate '/usr/share/hyrax/data/ncml/dmrpp/bin/' (BESUtil.cc:298), current memory usage is 7264856 KB.
1692996125,187,error,ERROR: BES Not Found Error: Failed to locate '/usr/share/hyrax/data/gdal/catalog.xml' (BESUtil.cc:298), current memory usage is 7264856 KB.
1692996137,187,error,ERROR: BES Not Found Error: Failed to locate '/usr/share/hyrax/data/ncml/agg/dated/catalog.xml' (BESUtil.cc:298), current memory usage is 7264856 KB.
1692996223,187,error,ERROR: BES Not Found Error: Failed to locate '/usr/share/hyrax/data/stare/catalog.xml' (BESUtil.cc:298), current memory usage is 7264856 KB.
1692996227,187,error,ERROR: BES Not Found Error: Failed to locate '/usr/share/hyrax/data/dapreader/catalog.xml' (BESUtil.cc:298), current memory usage is 7264856 KB.
1692996233,187,error,ERROR: BES Not Found Error: Failed to locate '/usr/share/hyrax/data/dapreader/dap4/D4-xml/catalog.xml' (BESUtil.cc:298), current memory usage is 7264856 KB.
1692996257,187,error,ERROR: BES Not Found Error: Failed to locate '/usr/share/hyrax/data/hdf5/catalog.xml' (BESUtil.cc:298), current memory usage is 7264856 KB.
1692996262,187,error,ERROR: BES Not Found Error: Failed to locate '/usr/share/hyrax/data/dapreader/dap4/dmr-testsuite/catalog.xml' (BESUtil.cc:298), current memory usage is 7264856 KB.
1692996283,187,error,ERROR: BES Not Found Error: Failed to locate '/usr/share/hyrax/data/csv/catalog.xml' (BESUtil.cc:298), current memory usage is 7264856 KB.
1693010064,187,error,ERROR: BES Not Found Error: Failed to locate '/usr/share/hyrax/ngap/collections/C1238392622-EEDTEST/granules/f16_ssmis_20210425v7.nc.dap' (BESUtil.cc:298), current memory usage is 7264856 KB.
1693010179,187,error,ERROR: BES Not Found Error: Failed to locate '/usr/share/hyrax/ngap/collections/C1245662776-EEDTEST/granules/M2T1NXSLV.5.12.4:MERRA2_400.tavg1_2d_slv_Nx.20210609.nc4.dap.nc4' (BESUtil.cc:298), current memory usage is 7264856 KB.
1693010662,187,error,ERROR: BES Not Found Error: Failed to locate '/usr/share/hyrax/ngap/collections/C1245804308-EEDTEST/granules/NorthSlope_NEE_TVPRM.TVPRM_IVO_BES_ABoVE-LC_NARR_GOSIF_2008.nc4.dap' (BESUtil.cc:298), current memory usage is 7264856 KB.
1693227465,187,error,ERROR: BES Not Found Error: Failed to locate '/usr/share/hyrax/ngap/collections/C1245618475-EEDTEST/granules/GPM_3IMERGHH.06:3B-HHR.MS.MRG.3IMERG.20200101-S000000-E002959.0000.V06B.HDF5.dap' (BESUtil.cc:298), current memory usage is 7264856 KB.
1693227490,187,error,ERROR: BES Not Found Error: Failed to locate '/usr/share/hyrax/ngap/collections/C1245618475-EEDTEST/granules/GPM_3IMERGHH.06:3B-HHR.MS.MRG.3IMERG.20200118-S190000-E192959.1140.V06B.HDF5' (BESUtil.cc:298), current memory usage is 7264856 KB.
1692827049,499,error,CredentialsManager::load_credentials() - CredentialsManager config file /etc/bes/credentials.conf was specified but is not present.
1692835104,499,error,ERROR: BES User Syntax Error: This dataset contains variables and/or attributes whose data types are not compatible with the 
1692892106,499,error,ERROR: BES Not Found Error: The specified path 'collections/C1241426887-NSIDC_CUAT/granules/ATL07-01_20200101015629_00820601_005_01.h5.dap4' does not identify a granule in CMR. (NgapApi.cc:325), current memory usage is 1209508 KB.
1692909829,499,error,ERROR: BES User Syntax Error: This dataset contains variables and/or attributes whose data types are not compatible with the 
1692918215,499,error,ERROR - The HTTP GET request for the source URL: https://d16xwb4cnl582v.cloudfront.net/podaac-swot-sit-cumulus-protected/SWOT_ATTD_RECONST_1.0/SWOT_ATTD_RECONST_20230812T225923_20230814T005923_PIA1_01.nc.dmrpp FAILED. CURLINFO_EFFECTIVE_URL: https://d16xwb4cnl582v.cloudfront.net/podaac-swot-sit-cumulus-protected/SWOT_ATTD_RECONST_1.0/SWOT_ATTD_RECONST_20230812T225923_20230814T005923_PIA1_01.nc.dmrpp The response had an HTTP status of 403 which means Forbidden: Contact the server administrator.
1692918215,499,error,ERROR: BES Forbidden Error: ERROR - The HTTP GET request for the source URL: https://d16xwb4cnl582v.cloudfront.net/podaac-swot-sit-cumulus-protected/SWOT_ATTD_RECONST_1.0/SWOT_ATTD_RECONST_20230812T225923_20230814T005923_PIA1_01.nc.dmrpp FAILED. CURLINFO_EFFECTIVE_URL: https://d16xwb4cnl582v.cloudfront.net/podaac-swot-sit-cumulus-protected/SWOT_ATTD_RECONST_1.0/SWOT_ATTD_RECONST_20230812T225923_20230814T005923_PIA1_01.nc.dmrpp The response had an HTTP status of 403 which means Forbidden: Contact the server administrator. (CurlUtils.cc:832), current memory usage is 7138696 KB.
1692920811,499,error,ERROR - The HTTP GET request for the source URL: https://d16xwb4cnl582v.cloudfront.net/podaac-swot-sit-cumulus-protected/SWOT_L2_LR_SSH_1.0/SWOT_L2_LR_SSH_Basic_548_014_20230610T213435_20230610T222014_PIA1_01.nc.dmrpp FAILED. CURLINFO_EFFECTIVE_URL: https://d16xwb4cnl582v.cloudfront.net/podaac-swot-sit-cumulus-protected/SWOT_L2_LR_SSH_1.0/SWOT_L2_LR_SSH_Basic_548_014_20230610T213435_20230610T222014_PIA1_01.nc.dmrpp The response had an HTTP status of 403 which means Forbidden: Contact the server administrator.
1692920811,499,error,ERROR: BES Forbidden Error: ERROR - The HTTP GET request for the source URL: https://d16xwb4cnl582v.cloudfront.net/podaac-swot-sit-cumulus-protected/SWOT_L2_LR_SSH_1.0/SWOT_L2_LR_SSH_Basic_548_014_20230610T213435_20230610T222014_PIA1_01.nc.dmrpp FAILED. CURLINFO_EFFECTIVE_URL: https://d16xwb4cnl582v.cloudfront.net/podaac-swot-sit-cumulus-protected/SWOT_L2_LR_SSH_1.0/SWOT_L2_LR_SSH_Basic_548_014_20230610T213435_20230610T222014_PIA1_01.nc.dmrpp The response had an HTTP status of 403 which means Forbidden: Contact the server administrator. (CurlUtils.cc:832), current memory usage is 7138696 KB.
1692923080,499,error,ERROR - The HTTP GET request for the source URL: https://d16xwb4cnl582v.cloudfront.net/podaac-swot-sit-cumulus-protected/SWOT_L2_RAD_IGDR_1.0/SWOT_IPRAD_2PaP002_026_20230811_234459_20230812_003634_PIA1_03.nc.dmrpp FAILED. CURLINFO_EFFECTIVE_URL: https://d16xwb4cnl582v.cloudfront.net/podaac-swot-sit-cumulus-protected/SWOT_L2_RAD_IGDR_1.0/SWOT_IPRAD_2PaP002_026_20230811_234459_20230812_003634_PIA1_03.nc.dmrpp The response had an HTTP status of 403 which means Forbidden: Contact the server administrator.
1692923080,499,error,ERROR: BES Forbidden Error: ERROR - The HTTP GET request for the source URL: https://d16xwb4cnl582v.cloudfront.net/podaac-swot-sit-cumulus-protected/SWOT_L2_RAD_IGDR_1.0/SWOT_IPRAD_2PaP002_026_20230811_234459_20230812_003634_PIA1_03.nc.dmrpp FAILED. CURLINFO_EFFECTIVE_URL: https://d16xwb4cnl582v.cloudfront.net/podaac-swot-sit-cumulus-protected/SWOT_L2_RAD_IGDR_1.0/SWOT_IPRAD_2PaP002_026_20230811_234459_20230812_003634_PIA1_03.nc.dmrpp The response had an HTTP status of 403 which means Forbidden: Contact the server administrator. (CurlUtils.cc:832), current memory usage is 7138696 KB.
1692926157,499,error,ERROR: BES Internal Error: Failed to acquire byte buffer from which to read string array data. (DmrppArray.cc:1727), current memory usage is 7138696 KB.
1692992645,499,error,ERROR: BES Not Found Error: Failed to locate '/usr/share/hyrax/data/ncml/agg/grids/catalog.xml' (BESUtil.cc:298), current memory usage is 7138696 KB.
1692992977,499,error,ERROR: BES Not Found Error: Failed to locate '/usr/share/hyrax/data/csv/APIs/' (BESUtil.cc:298), current memory usage is 7138696 KB.
1692992977,499,error,ERROR: BES Not Found Error: Failed to locate '/usr/share/hyrax/data/dapreader/dap4/APIs/' (BESUtil.cc:298), current memory usage is 7138696 KB.
1692992978,499,error,ERROR: BES Not Found Error: Failed to locate '/usr/share/hyrax/data/service/' (BESUtil.cc:298), current memory usage is 7138696 KB.
1692992979,499,error,ERROR: BES Not Found Error: Failed to locate '/usr/share/hyrax/data/ncml/dmrpp/service/' (BESUtil.cc:298), current memory usage is 7138696 KB.
1692992980,499,error,ERROR: BES Not Found Error: Failed to locate '/usr/share/hyrax/data/Service/' (BESUtil.cc:298), current memory usage is 7138696 KB.
1692992981,499,error,ERROR: BES Not Found Error: Failed to locate '/usr/share/hyrax/data/dapreader/Service/' (BESUtil.cc:298), current memory usage is 7138696 KB.
1692992982,499,error,ERROR: BES Not Found Error: Failed to locate '/usr/share/hyrax/data/ncml/agg/grids/Service/' (BESUtil.cc:298), current memory usage is 7138696 KB.
1692992984,499,error,ERROR: BES Not Found Error: Failed to locate '/usr/share/hyrax/data/ugrids/SERVICE/' (BESUtil.cc:298), current memory usage is 7138696 KB.
1692992986,499,error,ERROR: BES Not Found Error: Failed to locate '/usr/share/hyrax/data/ncml/agg/grids/SERVICE/' (BESUtil.cc:298), current memory usage is 7138696 KB.
1692992988,499,error,ERROR: BES Not Found Error: Failed to locate '/usr/share/hyrax/data/dmrpp/WebService/' (BESUtil.cc:298), current memory usage is 7138696 KB.
1692992989,499,error,ERROR: BES Not Found Error: Failed to locate '/usr/share/hyrax/data/ncml/WebService/' (BESUtil.cc:298), current memory usage is 7138696 KB.
1692992992,499,error,ERROR: BES Not Found Error: Failed to locate '/usr/share/hyrax/data/dapreader/dap4/dmr-testsuite/WebService/' (BESUtil.cc:298), current memory usage is 7138696 KB.
1692993033,499,error,ERROR: BES Not Found Error: Failed to locate '/usr/share/hyrax/data/csv/ws/' (BESUtil.cc:298), current memory usage is 7138696 KB.
1692993035,499,error,ERROR: BES Not Found Error: Failed to locate '/usr/share/hyrax/data/ncml/agg/grids/ws/' (BESUtil.cc:298), current memory usage is 7138696 KB.
1692993037,499,error,ERROR: BES Not Found Error: Failed to locate '/usr/share/hyrax/data/nc/WS/' (BESUtil.cc:298), current memory usage is 7138696 KB.
1692993039,499,error,ERROR: BES Not Found Error: Failed to locate '/usr/share/hyrax/data/ncml/dmrpp/WS/' (BESUtil.cc:298), current memory usage is 7138696 KB.
1692993040,499,error,ERROR: BES Not Found Error: Failed to locate '/usr/share/hyrax/data/nc/wsdl/' (BESUtil.cc:298), current memory usage is 7138696 KB.
1692993042,499,error,ERROR: BES Not Found Error: Failed to locate '/usr/share/hyrax/data/hdf5/wsdl/' (BESUtil.cc:298), current memory usage is 7138696 KB.
1692993043,499,error,ERROR: BES Not Found Error: Failed to locate '/usr/share/hyrax/data/dapreader/dap4/D4-xml/wsdl/' (BESUtil.cc:298), current memory usage is 7138696 KB.
1692993044,499,error,ERROR: BES Not Found Error: Failed to locate '/usr/share/hyrax/data/stare/WSDL/' (BESUtil.cc:298), current memory usage is 7138696 KB.
1692993045,499,error,ERROR: BES Not Found Error: Failed to locate '/usr/share/hyrax/data/dapreader/WSDL/' (BESUtil.cc:298), current memory usage is 7138696 KB.
1692993100,499,error,ERROR: BES Not Found Error: Failed to locate '/usr/share/hyrax/data/csv/catalog.xml' (BESUtil.cc:298), current memory usage is 7138696 KB.
1692993102,499,error,ERROR: BES Not Found Error: Failed to locate '/usr/share/hyrax/data/dmrpp/catalog.xml' (BESUtil.cc:298), current memory usage is 7138696 KB.
1692993103,499,error,ERROR: BES Not Found Error: Failed to locate '/usr/share/hyrax/data/nc/catalog.xml' (BESUtil.cc:298), current memory usage is 7138696 KB.
1692993104,499,error,ERROR: BES Not Found Error: Failed to locate '/usr/share/hyrax/data/ugrids/catalog.xml' (BESUtil.cc:298), current memory usage is 7138696 KB.
1692993110,499,error,ERROR: BES Not Found Error: Failed to locate '/usr/share/hyrax/data/ncml/api.jsp' (BESUtil.cc:298), current memory usage is 7138696 KB.
1692993111,499,error,ERROR: BES Not Found Error: Failed to locate '/usr/share/hyrax/data/ncml/agg/api.jsp' (BESUtil.cc:298), current memory usage is 7138696 KB.
1692993112,499,error,ERROR: BES Not Found Error: Failed to locate '/usr/share/hyrax/data/csv/service.jsp' (BESUtil.cc:298), current memory usage is 7138696 KB.
1692993112,499,error,ERROR: BES Not Found Error: Failed to locate '/usr/share/hyrax/data/service.jsp' (BESUtil.cc:298), current memory usage is 7138696 KB.
1692993114,499,error,ERROR: BES Not Found Error: Failed to locate '/usr/share/hyrax/data/ff/ws.jsp' (BESUtil.cc:298), current memory usage is 7138696 KB.
1692993114,499,error,ERROR: BES Not Found Error: Failed to locate '/usr/share/hyrax/data/ws.jsp' (BESUtil.cc:298), current memory usage is 7138696 KB.
1692993115,499,error,ERROR: BES Not Found Error: Failed to locate '/usr/share/hyrax/data/ncml/agg/grids/ws.jsp' (BESUtil.cc:298), current memory usage is 7138696 KB.
1692993130,499,error,ERROR: BES Not Found Error: Failed to locate '/usr/share/hyrax/data/stare/catalog.xml' (BESUtil.cc:298), current memory usage is 7138696 KB.
1692993444,499,error,ERROR: BES Not Found Error: Failed to locate '/usr/share/hyrax/data/ncml/catalog.xml' (BESUtil.cc:298), current memory usage is 7138696 KB.
1692993710,499,error,ERROR: BES Not Found Error: Failed to locate '/usr/share/hyrax/data/catalog.xml' (BESUtil.cc:298), current memory usage is 7138696 KB.
1692993716,499,error,ERROR: BES Not Found Error: Failed to locate '/usr/share/hyrax/data/dapreader/dap4/catalog.xml' (BESUtil.cc:298), current memory usage is 7138696 KB.
1692993788,499,error,ERROR: BES Not Found Error: Failed to locate '/usr/share/hyrax/data/ncml/dmrpp/catalog.xml' (BESUtil.cc:298), current memory usage is 7138696 KB.
1692993804,499,error,ERROR: BES Not Found Error: Failed to locate '/usr/share/hyrax/data/dapreader/dap4/dmr-testsuite/catalog.xml' (BESUtil.cc:298), current memory usage is 7138696 KB.
1692994224,499,error,ERROR: BES Not Found Error: Failed to locate '/usr/share/hyrax/catalog.xml' (BESUtil.cc:298), current memory usage is 7138696 KB.
1692994424,499,error,ERROR: BES Not Found Error: Failed to locate '/usr/share/hyrax/data/ncml/dmrpp/catalog.xml' (BESUtil.cc:298), current memory usage is 7138696 KB.
1692994462,499,error,ERROR: BES Not Found Error: Failed to locate '/usr/share/hyrax/data/dapreader/dap4/catalog.xml' (BESUtil.cc:298), current memory usage is 7138696 KB.
1692994657,499,error,ERROR: BES Not Found Error: Failed to locate '/usr/share/hyrax/data/catalog.xml' (BESUtil.cc:298), current memory usage is 7138696 KB.
1692994662,499,error,ERROR: BES Not Found Error: Failed to locate '/usr/share/hyrax/data/dapreader/catalog.xml' (BESUtil.cc:298), current memory usage is 7138696 KB.
1692995777,499,error,ERROR: BES Not Found Error: Failed to locate '/usr/share/hyrax/data/gdal/###4444#333 + #_QUALYS###/###8888#111 + #_QUALYS###/' (BESUtil.cc:298), current memory usage is 7138696 KB.
1692995777,499,error,ERROR: BES Not Found Error: Failed to locate '/usr/share/hyrax/data/stare/###4444#333 + #_QUALYS###/###8888#111 + #_QUALYS###/' (BESUtil.cc:298), current memory usage is 7138696 KB.
1692995778,499,error,ERROR: BES Not Found Error: Failed to locate '/usr/share/hyrax/data/###4444#333 + #_QUALYS###/###8888#111 + #_QUALYS###' (BESUtil.cc:298), current memory usage is 7138696 KB.
1692995783,499,error,ERROR: BES Not Found Error: Failed to locate '/usr/share/hyrax/data/csv/axis2-admin/login' (BESUtil.cc:298), current memory usage is 7138696 KB.
1692995783,499,error,ERROR: BES Not Found Error: Failed to locate '/usr/share/hyrax/data/dapreader/dap4/axis2-admin/login' (BESUtil.cc:298), current memory usage is 7138696 KB.
1692995808,499,error,ERROR: BES Not Found Error: Failed to locate '/usr/share/hyrax/admin/' (BESUtil.cc:298), current memory usage is 7138696 KB.
1692995809,499,error,ERROR: BES Not Found Error: Failed to locate '/usr/share/hyrax/data/hdf5/admin/' (BESUtil.cc:298), current memory usage is 7138696 KB.
1692995810,499,error,ERROR: BES Not Found Error: Failed to locate '/usr/share/hyrax/data/dapreader/dap4/dmr-testsuite/admin/' (BESUtil.cc:298), current memory usage is 7138696 KB.
1692995811,499,error,ERROR: BES Not Found Error: Failed to locate '/usr/share/hyrax/data/ff/adm/' (BESUtil.cc:298), current memory usage is 7138696 KB.
1692995811,499,error,ERROR: BES Not Found Error: Failed to locate '/usr/share/hyrax/data/nc/adm/' (BESUtil.cc:298), current memory usage is 7138696 KB.
1692995812,499,error,ERROR: BES Not Found Error: Failed to locate '/usr/share/hyrax/data/ncml/dmrpp/adm/' (BESUtil.cc:298), current memory usage is 7138696 KB.
1692995813,499,error,ERROR: BES Not Found Error: Failed to locate '/usr/share/hyrax/data/dmrpp/administration/' (BESUtil.cc:298), current memory usage is 7138696 KB.
1692995814,499,error,ERROR: BES Not Found Error: Failed to locate '/usr/share/hyrax/data/hdf5/administration/' (BESUtil.cc:298), current memory usage is 7138696 KB.
1692995818,499,error,ERROR: BES Not Found Error: Failed to locate '/usr/share/hyrax/data/gdal/admin.jsp' (BESUtil.cc:298), current memory usage is 7138696 KB.
1692995821,499,error,ERROR: BES Not Found Error: Failed to locate '/usr/share/hyrax/data/hdf5/admin.jsp' (BESUtil.cc:298), current memory usage is 7138696 KB.
1692995872,499,error,ERROR: BES Not Found Error: Failed to locate '/usr/share/hyrax/data/src/' (BESUtil.cc:298), current memory usage is 7138696 KB.
1692995873,499,error,ERROR: BES Not Found Error: Failed to locate '/usr/share/hyrax/data/ncml/agg/src/' (BESUtil.cc:298), current memory usage is 7138696 KB.
1692995877,499,error,ERROR: BES Not Found Error: Failed to locate '/usr/share/hyrax/data/ugrids/common/' (BESUtil.cc:298), current memory usage is 7138696 KB.
1692995879,499,error,ERROR: BES Not Found Error: Failed to locate '/usr/share/hyrax/data/dapreader/dap4/dmr-testsuite/common/' (BESUtil.cc:298), current memory usage is 7138696 KB.
1692995881,499,error,ERROR: BES Not Found Error: Failed to locate '/usr/share/hyrax/data/dmrpp/config/' (BESUtil.cc:298), current memory usage is 7138696 KB.
1692995882,499,error,ERROR: BES Not Found Error: Failed to locate '/usr/share/hyrax/data/ncml/agg/config/' (BESUtil.cc:298), current memory usage is 7138696 KB.
1692995884,499,error,ERROR: BES Not Found Error: Failed to locate '/usr/share/hyrax/data/gdal/css/' (BESUtil.cc:298), current memory usage is 7138696 KB.
1692995885,499,error,ERROR: BES Not Found Error: Failed to locate '/usr/share/hyrax/data/ncml/css/' (BESUtil.cc:298), current memory usage is 7138696 KB.
1692995888,499,error,ERROR: BES Not Found Error: Failed to locate '/usr/share/hyrax/data/dapreader/dap4/dmr-testsuite/css/' (BESUtil.cc:298), current memory usage is 7138696 KB.
1692995931,499,error,ERROR: BES Not Found Error: Failed to locate '/usr/share/hyrax/data/gdal/docs/' (BESUtil.cc:298), current memory usage is 7138696 KB.
1692995933,499,error,ERROR: BES Not Found Error: Failed to locate '/usr/share/hyrax/data/hdf5/docs/' (BESUtil.cc:298), current memory usage is 7138696 KB.
1692995934,499,error,ERROR: BES Not Found Error: Failed to locate '/usr/share/hyrax/data/dapreader/dap4/D4-xml/docs/' (BESUtil.cc:298), current memory usage is 7138696 KB.
1692995935,499,error,ERROR: BES Not Found Error: Failed to locate '/usr/share/hyrax/data/ugrids/external/' (BESUtil.cc:298), current memory usage is 7138696 KB.
1692995936,499,error,ERROR: BES Not Found Error: Failed to locate '/usr/share/hyrax/data/hdf5/external/' (BESUtil.cc:298), current memory usage is 7138696 KB.
1692995937,499,error,ERROR: BES Not Found Error: Failed to locate '/usr/share/hyrax/data/dapreader/dap4/D4-xml/external/' (BESUtil.cc:298), current memory usage is 7138696 KB.
1692995939,499,error,ERROR: BES Not Found Error: Failed to locate '/usr/share/hyrax/data/ugrids/history/' (BESUtil.cc:298), current memory usage is 7138696 KB.
1692995940,499,error,ERROR: BES Not Found Error: Failed to locate '/usr/share/hyrax/data/hdf5/history/' (BESUtil.cc:298), current memory usage is 7138696 KB.
1692995941,499,error,ERROR: BES Not Found Error: Failed to locate '/usr/share/hyrax/data/dapreader/dap4/dmr-testsuite/history/' (BESUtil.cc:298), current memory usage is 7138696 KB.
1692995943,499,error,ERROR: BES Not Found Error: Failed to locate '/usr/share/hyrax/data/ff/include/' (BESUtil.cc:298), current memory usage is 7138696 KB.
1692995945,499,error,ERROR: BES Not Found Error: Failed to locate '/usr/share/hyrax/data/dapreader/dap4/D4-xml/include/' (BESUtil.cc:298), current memory usage is 7138696 KB.
1692995947,499,error,ERROR: BES Not Found Error: Failed to locate '/usr/share/hyrax/data/ff/includes/' (BESUtil.cc:298), current memory usage is 7138696 KB.
1692995949,499,error,ERROR: BES Not Found Error: Failed to locate '/usr/share/hyrax/data/ncml/agg/dated/includes/' (BESUtil.cc:298), current memory usage is 7138696 KB.
1692995951,499,error,ERROR: BES Not Found Error: Failed to locate '/usr/share/hyrax/data/csv/js/' (BESUtil.cc:298), current memory usage is 7138696 KB.
1692995953,499,error,ERROR: BES Not Found Error: Failed to locate '/usr/share/hyrax/data/ncml/dmrpp/js/' (BESUtil.cc:298), current memory usage is 7138696 KB.
1692995954,499,error,ERROR: BES Not Found Error: Failed to locate '/usr/share/hyrax/data/dapreader/dap4/D4-xml/js/' (BESUtil.cc:298), current memory usage is 7138696 KB.
1692995994,499,error,ERROR: BES Not Found Error: Failed to locate '/usr/share/hyrax/data/hdf5/lib/' (BESUtil.cc:298), current memory usage is 7138696 KB.
1692995999,499,error,ERROR: BES Not Found Error: Failed to locate '/usr/share/hyrax/test.jsp' (BESUtil.cc:298), current memory usage is 7138696 KB.
1692996000,499,error,ERROR: BES Not Found Error: Failed to locate '/usr/share/hyrax/data/ugrids/test.jsp' (BESUtil.cc:298), current memory usage is 7138696 KB.
1692996003,499,error,ERROR: BES Not Found Error: Failed to locate '/usr/share/hyrax/data/ncml/agg/dated/test.jsp' (BESUtil.cc:298), current memory usage is 7138696 KB.
1692996007,499,error,ERROR: BES Not Found Error: Failed to locate '/usr/share/hyrax/data/gdal/bin/' (BESUtil.cc:298), current memory usage is 7138696 KB.
1692996009,499,error,ERROR: BES Not Found Error: Failed to locate '/usr/share/hyrax/data/stare/bin/' (BESUtil.cc:298), current memory usage is 7138696 KB.
1692996011,499,error,ERROR: BES Not Found Error: Failed to locate '/usr/share/hyrax/data/ncml/agg/bin/' (BESUtil.cc:298), current memory usage is 7138696 KB.
1693010065,499,error,ERROR: BES Not Found Error: Failed to locate '/usr/share/hyrax/ngap/collections/C1238392622-EEDTEST/granules/f16_ssmis_20210425v7.nc.dap.nc4' (BESUtil.cc:298), current memory usage is 7138696 KB.
1693010613,499,error,ERROR: BES Not Found Error: Failed to locate '/usr/share/hyrax/ngap/collections/C1245618475-EEDTEST/granules/GPM_3IMERGHH.06:3B-HHR.MS.MRG.3IMERG.20200101-S000000-E002959.0000.V06B.HDF5' (BESUtil.cc:298), current memory usage is 7138696 KB.
1693010641,499,error,ERROR: BES Not Found Error: Failed to locate '/usr/share/hyrax/ngap/collections/C1245618475-EEDTEST/granules/GPM_3IMERGHH.06:3B-HHR.MS.MRG.3IMERG.20200118-S190000-E192959.1140.V06B.HDF5' (BESUtil.cc:298), current memory usage is 7138696 KB.
1693010662,499,error,ERROR: BES Not Found Error: Failed to locate '/usr/share/hyrax/ngap/collections/C1245804308-EEDTEST/granules/NorthSlope_NEE_TVPRM.TVPRM_IVO_BES_ABoVE-LC_NARR_GOSIF_2008.nc4.dap.nc4' (BESUtil.cc:298), current memory usage is 7138696 KB.
1693227313,499,error,ERROR: BES Not Found Error: Failed to locate '/usr/share/hyrax/ngap/collections/C1238392622-EEDTEST/granules/f16_ssmis_20210425v7.nc' (BESUtil.cc:298), current memory usage is 7138696 KB.
1693227465,499,error,ERROR: BES Not Found Error: Failed to locate '/usr/share/hyrax/ngap/collections/C1245618475-EEDTEST/granules/GPM_3IMERGHH.06:3B-HHR.MS.MRG.3IMERG.20200101-S000000-E002959.0000.V06B.HDF5.dap.nc4' (BESUtil.cc:298), current memory usage is 7138696 KB.
1693227490,499,error,ERROR: BES Not Found Error: Failed to locate '/usr/share/hyrax/ngap/collections/C1245618475-EEDTEST/granules/GPM_3IMERGHH.06:3B-HHR.MS.MRG.3IMERG.20200118-S190000-E192959.1140.V06B.HDF5.dap' (BESUtil.cc:298), current memory usage is 7138696 KB.
1693227517,499,error,ERROR: BES Not Found Error: Failed to locate '/usr/share/hyrax/ngap/collections/C1245804308-EEDTEST/granules/NorthSlope_NEE_TVPRM.TVPRM_IVO_BES_ABoVE-LC_NARR_GOSIF_2008.nc4' (BESUtil.cc:298), current memory usage is 7138696 KB.
1692827183,1556,error,CredentialsManager::load_credentials() - CredentialsManager config file /etc/bes/credentials.conf was specified but is not present.1692827183,1557,error,CredentialsManager::load_credentials() - CredentialsManager config file /etc/bes/credentials.conf was specified but is not present.
1692909684,1556,error,ERROR: BES User Syntax Error: This dataset contains variables and/or attributes whose data types are not compatible with the 
1692920296,1556,error,ERROR: BES Internal Error: Failed to acquire byte buffer from which to read string array data. (DmrppArray.cc:1727), current memory usage is 7161512 KB.
1692921071,1556,error,ERROR: BES Internal Error: Failed to acquire byte buffer from which to read string array data. (DmrppArray.cc:1727), current memory usage is 7161512 KB.
1692926130,1556,error,ERROR: BES Internal Error: Failed to acquire byte buffer from which to read string array data. (DmrppArray.cc:1727), current memory usage is 7161512 KB.
1692927007,1556,error,ERROR: BES Internal Error: Failed to acquire byte buffer from which to read string array data. (DmrppArray.cc:1727), current memory usage is 7161512 KB.
1692992346,1556,error,ERROR: BES Not Found Error: Failed to locate '/usr/share/hyrax/data/ugrids/catalog.xml' (BESUtil.cc:298), current memory usage is 7161512 KB.
1692992491,1556,error,ERROR: BES Not Found Error: Failed to locate '/usr/share/hyrax/data/ff/catalog.xml' (BESUtil.cc:298), current memory usage is 7161512 KB.
1692992977,1556,error,ERROR: BES Not Found Error: Failed to locate '/usr/share/hyrax/data/dapreader/dap4/D4-xml/APIs/' (BESUtil.cc:298), current memory usage is 7161512 KB.
1692992977,1556,error,ERROR: BES Not Found Error: Failed to locate '/usr/share/hyrax/data/ncml/APIs/' (BESUtil.cc:298), current memory usage is 7161512 KB.
1692992978,1556,error,ERROR: BES Not Found Error: Failed to locate '/usr/share/hyrax/data/csv/service/' (BESUtil.cc:298), current memory usage is 7161512 KB.
1692992980,1556,error,ERROR: BES Not Found Error: Failed to locate '/usr/share/hyrax/data/dapreader/dap4/dmr-testsuite/service/' (BESUtil.cc:298), current memory usage is 7161512 KB.
1692992981,1556,error,ERROR: BES Not Found Error: Failed to locate '/usr/share/hyrax/data/dmrpp/Service/' (BESUtil.cc:298), current memory usage is 7161512 KB.
1692992982,1556,error,ERROR: BES Not Found Error: Failed to locate '/usr/share/hyrax/data/dapreader/dap4/dmr-testsuite/Service/' (BESUtil.cc:298), current memory usage is 7161512 KB.
1692992982,1556,error,ERROR: BES Not Found Error: Failed to locate '/usr/share/hyrax/data/hdf4/Service/' (BESUtil.cc:298), current memory usage is 7161512 KB.
1692992984,1556,error,ERROR: BES Not Found Error: Failed to locate '/usr/share/hyrax/data/ncml/SERVICE/' (BESUtil.cc:298), current memory usage is 7161512 KB.
1692992986,1556,error,ERROR: BES Not Found Error: Failed to locate '/usr/share/hyrax/data/dapreader/dap4/dmr-testsuite/SERVICE/' (BESUtil.cc:298), current memory usage is 7161512 KB.
1692992988,1556,error,ERROR: BES Not Found Error: Failed to locate '/usr/share/hyrax/data/ugrids/WebService/' (BESUtil.cc:298), current memory usage is 7161512 KB.
1692992989,1556,error,ERROR: BES Not Found Error: Failed to locate '/usr/share/hyrax/data/ff/WebService/' (BESUtil.cc:298), current memory usage is 7161512 KB.
1692992992,1556,error,ERROR: BES Not Found Error: Failed to locate '/usr/share/hyrax/data/dapreader/dap4/D4-xml/WebService/' (BESUtil.cc:298), current memory usage is 7161512 KB.
1692993034,1556,error,ERROR: BES Not Found Error: Failed to locate '/usr/share/hyrax/data/stare/ws/' (BESUtil.cc:298), current memory usage is 7161512 KB.
1692993035,1556,error,ERROR: BES Not Found Error: Failed to locate '/usr/share/hyrax/data/dapreader/dap4/ws/' (BESUtil.cc:298), current memory usage is 7161512 KB.
1692993037,1556,error,ERROR: BES Not Found Error: Failed to locate '/usr/share/hyrax/data/csv/WS/' (BESUtil.cc:298), current memory usage is 7161512 KB.
1692993039,1556,error,ERROR: BES Not Found Error: Failed to locate '/usr/share/hyrax/data/ncml/agg/WS/' (BESUtil.cc:298), current memory usage is 7161512 KB.
1692993040,1556,error,ERROR: BES Not Found Error: Failed to locate '/usr/share/hyrax/data/dmrpp/wsdl/' (BESUtil.cc:298), current memory usage is 7161512 KB.
1692993042,1556,error,ERROR: BES Not Found Error: Failed to locate '/usr/share/hyrax/data/ncml/dmrpp/wsdl/' (BESUtil.cc:298), current memory usage is 7161512 KB.
1692993043,1556,error,ERROR: BES Not Found Error: Failed to locate '/usr/share/hyrax/WSDL/' (BESUtil.cc:298), current memory usage is 7161512 KB.
1692993045,1556,error,ERROR: BES Not Found Error: Failed to locate '/usr/share/hyrax/data/ncml/WSDL/' (BESUtil.cc:298), current memory usage is 7161512 KB.
1692993046,1556,error,ERROR: BES Not Found Error: Failed to locate '/usr/share/hyrax/data/ncml/agg/dated/WSDL/' (BESUtil.cc:298), current memory usage is 7161512 KB.
1692993100,1556,error,ERROR: BES Not Found Error: Failed to locate '/usr/share/hyrax/data/dapreader/dap4/catalog.xml' (BESUtil.cc:298), current memory usage is 7161512 KB.
1692993102,1556,error,ERROR: BES Not Found Error: Failed to locate '/usr/share/hyrax/data/gdal/catalog.xml' (BESUtil.cc:298), current memory usage is 7161512 KB.
1692993110,1556,error,ERROR: BES Not Found Error: Failed to locate '/usr/share/hyrax/data/ff/api.jsp' (BESUtil.cc:298), current memory usage is 7161512 KB.
1692993111,1556,error,ERROR: BES Not Found Error: Failed to locate '/usr/share/hyrax/data/dapreader/dap4/api.jsp' (BESUtil.cc:298), current memory usage is 7161512 KB.
1692993112,1556,error,ERROR: BES Not Found Error: Failed to locate '/usr/share/hyrax/data/dapreader/service.jsp' (BESUtil.cc:298), current memory usage is 7161512 KB.
1692993112,1556,error,ERROR: BES Not Found Error: Failed to locate '/usr/share/hyrax/data/dmrpp/service.jsp' (BESUtil.cc:298), current memory usage is 7161512 KB.
1692993114,1556,error,ERROR: BES Not Found Error: Failed to locate '/usr/share/hyrax/data/hdf5/ws.jsp' (BESUtil.cc:298), current memory usage is 7161512 KB.
1692993114,1556,error,ERROR: BES Not Found Error: Failed to locate '/usr/share/hyrax/ws.jsp' (BESUtil.cc:298), current memory usage is 7161512 KB.
1692993115,1556,error,ERROR: BES Not Found Error: Failed to locate '/usr/share/hyrax/data/ncml/dmrpp/ws.jsp' (BESUtil.cc:298), current memory usage is 7161512 KB.
1692993135,1556,error,ERROR: BES Not Found Error: Failed to locate '/usr/share/hyrax/data/ncml/dmrpp/catalog.xml' (BESUtil.cc:298), current memory usage is 7161512 KB.
1692993197,1556,error,ERROR: BES Not Found Error: Failed to locate '/usr/share/hyrax/data/dapreader/dap4/dmr-testsuite/catalog.xml' (BESUtil.cc:298), current memory usage is 7161512 KB.
1692993519,1556,error,ERROR: BES Not Found Error: Failed to locate '/usr/share/hyrax/data/hdf4/catalog.xml' (BESUtil.cc:298), current memory usage is 7161512 KB.
1692993778,1556,error,ERROR: BES Not Found Error: Failed to locate '/usr/share/hyrax/data/hdf5/catalog.xml' (BESUtil.cc:298), current memory usage is 7161512 KB.
1692993881,1556,error,ERROR: BES Not Found Error: Failed to locate '/usr/share/hyrax/data/ugrids/catalog.xml' (BESUtil.cc:298), current memory usage is 7161512 KB.
1692993899,1556,error,ERROR: BES Not Found Error: Failed to locate '/usr/share/hyrax/data/dmrpp/catalog.xml' (BESUtil.cc:298), current memory usage is 7161512 KB.
1692993971,1556,error,ERROR: BES Not Found Error: Failed to locate '/usr/share/hyrax/data/dapreader/catalog.xml' (BESUtil.cc:298), current memory usage is 7161512 KB.
1692994045,1556,error,ERROR: BES Not Found Error: Failed to locate '/usr/share/hyrax/data/ncml/catalog.xml' (BESUtil.cc:298), current memory usage is 7161512 KB.
1692994237,1556,error,ERROR: BES Not Found Error: Failed to locate '/usr/share/hyrax/data/dapreader/dap4/D4-xml/catalog.xml' (BESUtil.cc:298), current memory usage is 7161512 KB.
1692994377,1556,error,ERROR: BES Not Found Error: Failed to locate '/usr/share/hyrax/data/gdal/catalog.xml' (BESUtil.cc:298), current memory usage is 7161512 KB.
1692994386,1556,error,ERROR: BES Not Found Error: Failed to locate '/usr/share/hyrax/data/hdf5/catalog.xml' (BESUtil.cc:298), current memory usage is 7161512 KB.
1692994410,1556,error,ERROR: BES Not Found Error: Failed to locate '/usr/share/hyrax/data/ncml/agg/grids/catalog.xml' (BESUtil.cc:298), current memory usage is 7161512 KB.
1692994539,1556,error,ERROR: BES Not Found Error: Failed to locate '/usr/share/hyrax/data/ugrids/catalog.xml' (BESUtil.cc:298), current memory usage is 7161512 KB.
1692994689,1556,error,ERROR: BES Not Found Error: Failed to locate '/usr/share/hyrax/data/dmrpp/catalog.xml' (BESUtil.cc:298), current memory usage is 7161512 KB.
1692994844,1556,error,ERROR: BES Not Found Error: Failed to locate '/usr/share/hyrax/data/ncml/agg/dated/catalog.xml' (BESUtil.cc:298), current memory usage is 7161512 KB.
1692994878,1556,error,ERROR: BES Not Found Error: Failed to locate '/usr/share/hyrax/data/stare/catalog.xml' (BESUtil.cc:298), current memory usage is 7161512 KB.
1692995074,1556,error,ERROR: BES Not Found Error: Failed to locate '/usr/share/hyrax/data/ncml/dmrpp/catalog.xml' (BESUtil.cc:298), current memory usage is 7161512 KB.
1692995077,1556,error,ERROR: BES Not Found Error: Failed to locate '/usr/share/hyrax/data/dapreader/dap4/catalog.xml' (BESUtil.cc:298), current memory usage is 7161512 KB.
1692995148,1556,error,ERROR: BES Not Found Error: Failed to locate '/usr/share/hyrax/data/ncml/agg/catalog.xml' (BESUtil.cc:298), current memory usage is 7161512 KB.
1692995777,1556,error,ERROR: BES Not Found Error: Failed to locate '/usr/share/hyrax/data/dmrpp/###4444#333 + #_QUALYS###/###8888#111 + #_QUALYS###/' (BESUtil.cc:298), current memory usage is 7161512 KB.
1692995778,1556,error,ERROR: BES Not Found Error: Failed to locate '/usr/share/hyrax/data/${(4444*333 + "_QUALYS")}/${(8888*111 + "_QUALYS")}/catalog.xml' (BESUtil.cc:298), current memory usage is 7161512 KB.
1692995778,1556,error,ERROR: BES Not Found Error: Failed to locate '/usr/share/hyrax/data/dapreader/dap4/D4-xml/###4444#333 + #_QUALYS###/###8888#111 + #_QUALYS###/' (BESUtil.cc:298), current memory usage is 7161512 KB.
1692995780,1556,error,ERROR: BES Not Found Error: Failed to locate '/usr/share/hyrax/data/catalog.xml' (BESUtil.cc:298), current memory usage is 7161512 KB.
1692995782,1556,error,ERROR: BES Not Found Error: Failed to locate '/usr/share/hyrax/data/axis2-admin/login' (BESUtil.cc:298), current memory usage is 7161512 KB.
1692995783,1556,error,ERROR: BES Not Found Error: Failed to locate '/usr/share/hyrax/data/ncml/axis2-admin/login' (BESUtil.cc:298), current memory usage is 7161512 KB.
1692995784,1556,error,ERROR: BES Not Found Error: Failed to locate '/usr/share/hyrax/data/dapreader/dap4/dmr-testsuite/axis2-admin/login' (BESUtil.cc:298), current memory usage is 7161512 KB.
1692995786,1556,error,ERROR: BES Not Found Error: Failed to locate '/usr/share/hyrax/data/ncml/agg/catalog.xml' (BESUtil.cc:298), current memory usage is 7161512 KB.
1692995787,1556,error,ERROR: BES Not Found Error: Failed to locate '/usr/share/hyrax/data/ncml/agg/grids/catalog.xml' (BESUtil.cc:298), current memory usage is 7161512 KB.
1692995808,1556,error,ERROR: BES Not Found Error: Failed to locate '/usr/share/hyrax/data/ugrids/admin/' (BESUtil.cc:298), current memory usage is 7161512 KB.
1692995809,1556,error,ERROR: BES Not Found Error: Failed to locate '/usr/share/hyrax/data/hdf4/admin/' (BESUtil.cc:298), current memory usage is 7161512 KB.
1692995810,1556,error,ERROR: BES Not Found Error: Failed to locate '/usr/share/hyrax/adm/' (BESUtil.cc:298), current memory usage is 7161512 KB.
1692995811,1556,error,ERROR: BES Not Found Error: Failed to locate '/usr/share/hyrax/data/dmrpp/adm/' (BESUtil.cc:298), current memory usage is 7161512 KB.
1692995812,1556,error,ERROR: BES Not Found Error: Failed to locate '/usr/share/hyrax/data/dapreader/adm/' (BESUtil.cc:298), current memory usage is 7161512 KB.
1692995813,1556,error,ERROR: BES Not Found Error: Failed to locate '/usr/share/hyrax/data/dapreader/dap4/D4-xml/adm/' (BESUtil.cc:298), current memory usage is 7161512 KB.
1692995814,1556,error,ERROR: BES Not Found Error: Failed to locate '/usr/share/hyrax/data/ugrids/administration/' (BESUtil.cc:298), current memory usage is 7161512 KB.
1692995815,1556,error,ERROR: BES Not Found Error: Failed to locate '/usr/share/hyrax/data/dapreader/dap4/administration/' (BESUtil.cc:298), current memory usage is 7161512 KB.
1692995819,1556,error,ERROR: BES Not Found Error: Failed to locate '/usr/share/hyrax/data/ugrids/admin.jsp' (BESUtil.cc:298), current memory usage is 7161512 KB.
1692995821,1556,error,ERROR: BES Not Found Error: Failed to locate '/usr/share/hyrax/data/hdf4/admin.jsp' (BESUtil.cc:298), current memory usage is 7161512 KB.
1692995872,1556,error,ERROR: BES Not Found Error: Failed to locate '/usr/share/hyrax/data/nc/src/' (BESUtil.cc:298), current memory usage is 7161512 KB.
1692995874,1556,error,ERROR: BES Not Found Error: Failed to locate '/usr/share/hyrax/data/ncml/agg/grids/src/' (BESUtil.cc:298), current memory usage is 7161512 KB.
1692995878,1556,error,ERROR: BES Not Found Error: Failed to locate '/usr/share/hyrax/data/dapreader/common/' (BESUtil.cc:298), current memory usage is 7161512 KB.
1692995879,1556,error,ERROR: BES Not Found Error: Failed to locate '/usr/share/hyrax/data/dapreader/dap4/D4-xml/common/' (BESUtil.cc:298), current memory usage is 7161512 KB.
1692995881,1556,error,ERROR: BES Not Found Error: Failed to locate '/usr/share/hyrax/data/csv/config/' (BESUtil.cc:298), current memory usage is 7161512 KB.
1692995882,1556,error,ERROR: BES Not Found Error: Failed to locate '/usr/share/hyrax/data/dapreader/dap4/config/' (BESUtil.cc:298), current memory usage is 7161512 KB.
1692995884,1556,error,ERROR: BES Not Found Error: Failed to locate '/usr/share/hyrax/data/nc/css/' (BESUtil.cc:298), current memory usage is 7161512 KB.
1692995886,1556,error,ERROR: BES Not Found Error: Failed to locate '/usr/share/hyrax/data/dapreader/css/' (BESUtil.cc:298), current memory usage is 7161512 KB.
1692995888,1556,error,ERROR: BES Not Found Error: Failed to locate '/usr/share/hyrax/data/dapreader/dap4/D4-xml/css/' (BESUtil.cc:298), current memory usage is 7161512 KB.
1692995931,1556,error,ERROR: BES Not Found Error: Failed to locate '/usr/share/hyrax/data/nc/docs/' (BESUtil.cc:298), current memory usage is 7161512 KB.
1692995933,1556,error,ERROR: BES Not Found Error: Failed to locate '/usr/share/hyrax/data/hdf4/docs/' (BESUtil.cc:298), current memory usage is 7161512 KB.
1692995935,1556,error,ERROR: BES Not Found Error: Failed to locate '/usr/share/hyrax/data/csv/external/' (BESUtil.cc:298), current memory usage is 7161512 KB.
1692995935,1556,error,ERROR: BES Not Found Error: Failed to locate '/usr/share/hyrax/data/gdal/external/' (BESUtil.cc:298), current memory usage is 7161512 KB.
1692995936,1556,error,ERROR: BES Not Found Error: Failed to locate '/usr/share/hyrax/data/hdf4/external/' (BESUtil.cc:298), current memory usage is 7161512 KB.
1692995938,1556,error,ERROR: BES Not Found Error: Failed to locate '/usr/share/hyrax/history/' (BESUtil.cc:298), current memory usage is 7161512 KB.
1692995939,1556,error,ERROR: BES Not Found Error: Failed to locate '/usr/share/hyrax/data/ncml/history/' (BESUtil.cc:298), current memory usage is 7161512 KB.
1692995940,1556,error,ERROR: BES Not Found Error: Failed to locate '/usr/share/hyrax/data/hdf4/history/' (BESUtil.cc:298), current memory usage is 7161512 KB.
1692995942,1556,error,ERROR: BES Not Found Error: Failed to locate '/usr/share/hyrax/data/stare/include/' (BESUtil.cc:298), current memory usage is 7161512 KB.
1692995943,1556,error,ERROR: BES Not Found Error: Failed to locate '/usr/share/hyrax/data/dapreader/include/' (BESUtil.cc:298), current memory usage is 7161512 KB.
1692995945,1556,error,ERROR: BES Not Found Error: Failed to locate '/usr/share/hyrax/includes/' (BESUtil.cc:298), current memory usage is 7161512 KB.
1692995947,1556,error,ERROR: BES Not Found Error: Failed to locate '/usr/share/hyrax/data/dapreader/includes/' (BESUtil.cc:298), current memory usage is 7161512 KB.
1692995950,1556,error,ERROR: BES Not Found Error: Failed to locate '/usr/share/hyrax/data/js/' (BESUtil.cc:298), current memory usage is 7161512 KB.
1692995951,1556,error,ERROR: BES Not Found Error: Failed to locate '/usr/share/hyrax/data/stare/js/' (BESUtil.cc:298), current memory usage is 7161512 KB.
1692995954,1556,error,ERROR: BES Not Found Error: Failed to locate '/usr/share/hyrax/data/ncml/agg/grids/js/' (BESUtil.cc:298), current memory usage is 7161512 KB.
1692995991,1556,error,ERROR: BES Not Found Error: Failed to locate '/usr/share/hyrax/data/gdal/lib/' (BESUtil.cc:298), current memory usage is 7161512 KB.
1692995994,1556,error,ERROR: BES Not Found Error: Failed to locate '/usr/share/hyrax/data/ncml/dmrpp/lib/' (BESUtil.cc:298), current memory usage is 7161512 KB.
1692995999,1556,error,ERROR: BES Not Found Error: Failed to locate '/usr/share/hyrax/data/gdal/test.jsp' (BESUtil.cc:298), current memory usage is 7161512 KB.
1692996001,1556,error,ERROR: BES Not Found Error: Failed to locate '/usr/share/hyrax/data/stare/test.jsp' (BESUtil.cc:298), current memory usage is 7161512 KB.
1692996003,1556,error,ERROR: BES Not Found Error: Failed to locate '/usr/share/hyrax/data/dapreader/dap4/D4-xml/test.jsp' (BESUtil.cc:298), current memory usage is 7161512 KB.
1692996008,1556,error,ERROR: BES Not Found Error: Failed to locate '/usr/share/hyrax/data/nc/bin/' (BESUtil.cc:298), current memory usage is 7161512 KB.
1692996009,1556,error,ERROR: BES Not Found Error: Failed to locate '/usr/share/hyrax/data/ff/bin/' (BESUtil.cc:298), current memory usage is 7161512 KB.
1692996011,1556,error,ERROR: BES Not Found Error: Failed to locate '/usr/share/hyrax/data/ncml/agg/dated/bin/' (BESUtil.cc:298), current memory usage is 7161512 KB.
1692996208,1556,error,ERROR: BES Not Found Error: Failed to locate '/usr/share/hyrax/data/nc/catalog.xml' (BESUtil.cc:298), current memory usage is 7161512 KB.
1692996226,1556,error,ERROR: BES Not Found Error: Failed to locate '/usr/share/hyrax/data/ff/catalog.xml' (BESUtil.cc:298), current memory usage is 7161512 KB.
1692996228,1556,error,ERROR: BES Not Found Error: Failed to locate '/usr/share/hyrax/data/ncml/dmrpp/catalog.xml' (BESUtil.cc:298), current memory usage is 7161512 KB.
1692996252,1556,error,ERROR: BES Not Found Error: Failed to locate '/usr/share/hyrax/data/ugrids/catalog.xml' (BESUtil.cc:298), current memory usage is 7161512 KB.
1692996259,1556,error,ERROR: BES Not Found Error: Failed to locate '/usr/share/hyrax/data/dapreader/dap4/catalog.xml' (BESUtil.cc:298), current memory usage is 7161512 KB.
1692996275,1556,error,ERROR: BES Not Found Error: Failed to locate '/usr/share/hyrax/data/dmrpp/catalog.xml' (BESUtil.cc:298), current memory usage is 7161512 KB.
1692996287,1556,error,ERROR: BES Not Found Error: Failed to locate '/usr/share/hyrax/data/hdf4/catalog.xml' (BESUtil.cc:298), current memory usage is 7161512 KB.
1693010179,1556,error,ERROR: BES Not Found Error: Failed to locate '/usr/share/hyrax/ngap/collections/C1245662776-EEDTEST/granules/M2T1NXSLV.5.12.4:MERRA2_400.tavg1_2d_slv_Nx.20210609.nc4' (BESUtil.cc:298), current memory usage is 7161512 KB.
1693010613,1556,error,ERROR: BES Not Found Error: Failed to locate '/usr/share/hyrax/ngap/collections/C1245618475-EEDTEST/granules/GPM_3IMERGHH.06:3B-HHR.MS.MRG.3IMERG.20200101-S000000-E002959.0000.V06B.HDF5.dap' (BESUtil.cc:298), current memory usage is 7161512 KB.
1693010641,1556,error,ERROR: BES Not Found Error: Failed to locate '/usr/share/hyrax/ngap/collections/C1245618475-EEDTEST/granules/GPM_3IMERGHH.06:3B-HHR.MS.MRG.3IMERG.20200118-S190000-E192959.1140.V06B.HDF5.dap' (BESUtil.cc:298), current memory usage is 7161512 KB.
1693227313,1556,error,ERROR: BES Not Found Error: Failed to locate '/usr/share/hyrax/ngap/collections/C1238392622-EEDTEST/granules/f16_ssmis_20210425v7.nc.dap' (BESUtil.cc:298), current memory usage is 7161512 KB.
1693227491,1556,error,ERROR: BES Not Found Error: Failed to locate '/usr/share/hyrax/ngap/collections/C1245618475-EEDTEST/granules/GPM_3IMERGHH.06:3B-HHR.MS.MRG.3IMERG.20200118-S190000-E192959.1140.V06B.HDF5.dap.nc4' (BESUtil.cc:298), current memory usage is 7161512 KB.
1693227517,1556,error,ERROR: BES Not Found Error: Failed to locate '/usr/share/hyrax/ngap/collections/C1245804308-EEDTEST/granules/NorthSlope_NEE_TVPRM.TVPRM_IVO_BES_ABoVE-LC_NARR_GOSIF_2008.nc4.dap' (BESUtil.cc:298), current memory usage is 7161512 KB.
1693234548,1556,error,ERROR: BES Not Found Error: The specified path 'collections/C1215802944-GES_DISC/granules/M2T1NXSLV.5.12.4:MERRA2_400.tavg1_2d_slv_Nx.20210513' does not identify a granule in CMR. (NgapApi.cc:325), current memory usage is 7161512 KB.
1692827187,1557,error,ERROR: BES User Syntax Error: libdap error transmitting DAP4Data: The constraint expression referenced a variable that was not found in the dataset. (BESDapTransmit.cc:92), current memory usage is 27628 KB.
1692900529,1557,error,ERROR: BES User Syntax Error: This dataset contains variables and/or attributes whose data types are not compatible with the 
1692920749,1557,error,ERROR: BES Internal Error: Failed to acquire byte buffer from which to read string array data. (DmrppArray.cc:1727), current memory usage is 7202152 KB.
1692921340,1557,error,ERROR - The HTTP GET request for the source URL: https://d16xwb4cnl582v.cloudfront.net/podaac-swot-sit-cumulus-protected/SWOT_L2_LR_SSH_1.0/SWOT_L2_LR_SSH_Basic_548_014_20230610T213435_20230610T222014_PIA1_01.nc.dmrpp FAILED. CURLINFO_EFFECTIVE_URL: https://d16xwb4cnl582v.cloudfront.net/podaac-swot-sit-cumulus-protected/SWOT_L2_LR_SSH_1.0/SWOT_L2_LR_SSH_Basic_548_014_20230610T213435_20230610T222014_PIA1_01.nc.dmrpp The response had an HTTP status of 403 which means Forbidden: Contact the server administrator.
1692921340,1557,error,ERROR: BES Forbidden Error: ERROR - The HTTP GET request for the source URL: https://d16xwb4cnl582v.cloudfront.net/podaac-swot-sit-cumulus-protected/SWOT_L2_LR_SSH_1.0/SWOT_L2_LR_SSH_Basic_548_014_20230610T213435_20230610T222014_PIA1_01.nc.dmrpp FAILED. CURLINFO_EFFECTIVE_URL: https://d16xwb4cnl582v.cloudfront.net/podaac-swot-sit-cumulus-protected/SWOT_L2_LR_SSH_1.0/SWOT_L2_LR_SSH_Basic_548_014_20230610T213435_20230610T222014_PIA1_01.nc.dmrpp The response had an HTTP status of 403 which means Forbidden: Contact the server administrator. (CurlUtils.cc:832), current memory usage is 7202152 KB.
1692926150,1557,error,ERROR: BES Internal Error: Failed to acquire byte buffer from which to read string array data. (DmrppArray.cc:1727), current memory usage is 7202152 KB.
1692991889,1557,error,ERROR: BES Not Found Error: Failed to locate '/usr/share/hyrax/data/nc/catalog.xml' (BESUtil.cc:298), current memory usage is 7202152 KB.
1692992395,1557,error,ERROR: BES Not Found Error: Failed to locate '/usr/share/hyrax/data/stare/catalog.xml' (BESUtil.cc:298), current memory usage is 7202152 KB.
1692992474,1557,error,ERROR: BES Not Found Error: Failed to locate '/usr/share/hyrax/data/ncml/catalog.xml' (BESUtil.cc:298), current memory usage is 7202152 KB.
1692992598,1557,error,ERROR: BES Not Found Error: Failed to locate '/usr/share/hyrax/data/ncml/agg/catalog.xml' (BESUtil.cc:298), current memory usage is 7202152 KB.
1692992799,1557,error,ERROR: BES Not Found Error: Failed to locate '/usr/share/hyrax/catalog.xml' (BESUtil.cc:298), current memory usage is 7202152 KB.
1692992977,1557,error,ERROR: BES Not Found Error: Failed to locate '/usr/share/hyrax/data/ff/APIs/' (BESUtil.cc:298), current memory usage is 7202152 KB.
1692992978,1557,error,ERROR: BES Not Found Error: Failed to locate '/usr/share/hyrax/data/dapreader/dap4/dmr-testsuite/APIs/' (BESUtil.cc:298), current memory usage is 7202152 KB.
1692992979,1557,error,ERROR: BES Not Found Error: Failed to locate '/usr/share/hyrax/data/ncml/service/' (BESUtil.cc:298), current memory usage is 7202152 KB.
1692992980,1557,error,ERROR: BES Not Found Error: Failed to locate '/usr/share/hyrax/data/dapreader/dap4/D4-xml/service/' (BESUtil.cc:298), current memory usage is 7202152 KB.
1692992981,1557,error,ERROR: BES Not Found Error: Failed to locate '/usr/share/hyrax/data/ugrids/Service/' (BESUtil.cc:298), current memory usage is 7202152 KB.
1692992982,1557,error,ERROR: BES Not Found Error: Failed to locate '/usr/share/hyrax/data/ncml/dmrpp/Service/' (BESUtil.cc:298), current memory usage is 7202152 KB.
1692992983,1557,error,ERROR: BES Not Found Error: Failed to locate '/usr/share/hyrax/data/SERVICE/' (BESUtil.cc:298), current memory usage is 7202152 KB.
1692992985,1557,error,ERROR: BES Not Found Error: Failed to locate '/usr/share/hyrax/data/ff/SERVICE/' (BESUtil.cc:298), current memory usage is 7202152 KB.
1692992987,1557,error,ERROR: BES Not Found Error: Failed to locate '/usr/share/hyrax/WebService/' (BESUtil.cc:298), current memory usage is 7202152 KB.
1692992988,1557,error,ERROR: BES Not Found Error: Failed to locate '/usr/share/hyrax/data/csv/WebService/' (BESUtil.cc:298), current memory usage is 7202152 KB.
1692992990,1557,error,ERROR: BES Not Found Error: Failed to locate '/usr/share/hyrax/data/hdf4/WebService/' (BESUtil.cc:298), current memory usage is 7202152 KB.
1692993032,1557,error,ERROR: BES Not Found Error: Failed to locate '/usr/share/hyrax/data/gdal/ws/' (BESUtil.cc:298), current memory usage is 7202152 KB.
1692993034,1557,error,ERROR: BES Not Found Error: Failed to locate '/usr/share/hyrax/data/hdf5/ws/' (BESUtil.cc:298), current memory usage is 7202152 KB.
1692993036,1557,error,ERROR: BES Not Found Error: Failed to locate '/usr/share/hyrax/data/ncml/agg/dated/ws/' (BESUtil.cc:298), current memory usage is 7202152 KB.
1692993038,1557,error,ERROR: BES Not Found Error: Failed to locate '/usr/share/hyrax/data/ncml/WS/' (BESUtil.cc:298), current memory usage is 7202152 KB.
1692993039,1557,error,ERROR: BES Not Found Error: Failed to locate '/usr/share/hyrax/data/dapreader/dap4/dmr-testsuite/WS/' (BESUtil.cc:298), current memory usage is 7202152 KB.
1692993041,1557,error,ERROR: BES Not Found Error: Failed to locate '/usr/share/hyrax/data/stare/wsdl/' (BESUtil.cc:298), current memory usage is 7202152 KB.
1692993042,1557,error,ERROR: BES Not Found Error: Failed to locate '/usr/share/hyrax/data/dapreader/dap4/wsdl/' (BESUtil.cc:298), current memory usage is 7202152 KB.
1692993044,1557,error,ERROR: BES Not Found Error: Failed to locate '/usr/share/hyrax/data/ugrids/WSDL/' (BESUtil.cc:298), current memory usage is 7202152 KB.
1692993045,1557,error,ERROR: BES Not Found Error: Failed to locate '/usr/share/hyrax/data/ff/WSDL/' (BESUtil.cc:298), current memory usage is 7202152 KB.
1692993100,1557,error,ERROR: BES Not Found Error: Failed to locate '/usr/share/hyrax/data/catalog.xml' (BESUtil.cc:298), current memory usage is 7202152 KB.
1692993101,1557,error,ERROR: BES Not Found Error: Failed to locate '/usr/share/hyrax/data/ff/catalog.xml' (BESUtil.cc:298), current memory usage is 7202152 KB.
1692993104,1557,error,ERROR: BES Not Found Error: Failed to locate '/usr/share/hyrax/data/hdf5/catalog.xml' (BESUtil.cc:298), current memory usage is 7202152 KB.
1692993109,1557,error,ERROR: BES Not Found Error: Failed to locate '/usr/share/hyrax/api.jsp' (BESUtil.cc:298), current memory usage is 7202152 KB.
1692993111,1557,error,ERROR: BES Not Found Error: Failed to locate '/usr/share/hyrax/data/hdf5/api.jsp' (BESUtil.cc:298), current memory usage is 7202152 KB.
1692993111,1557,error,ERROR: BES Not Found Error: Failed to locate '/usr/share/hyrax/data/ncml/agg/dated/api.jsp' (BESUtil.cc:298), current memory usage is 7202152 KB.
1692993112,1557,error,ERROR: BES Not Found Error: Failed to locate '/usr/share/hyrax/data/gdal/service.jsp' (BESUtil.cc:298), current memory usage is 7202152 KB.
1692993113,1557,error,ERROR: BES Not Found Error: Failed to locate '/usr/share/hyrax/data/ncml/dmrpp/service.jsp' (BESUtil.cc:298), current memory usage is 7202152 KB.
1692993114,1557,error,ERROR: BES Not Found Error: Failed to locate '/usr/share/hyrax/data/ugrids/ws.jsp' (BESUtil.cc:298), current memory usage is 7202152 KB.
1692993115,1557,error,ERROR: BES Not Found Error: Failed to locate '/usr/share/hyrax/data/dapreader/dap4/dmr-testsuite/ws.jsp' (BESUtil.cc:298), current memory usage is 7202152 KB.
1692993115,1557,error,ERROR: BES Not Found Error: Failed to locate '/usr/share/hyrax/data/ncml/agg/ws.jsp' (BESUtil.cc:298), current memory usage is 7202152 KB.
1692993439,1557,error,ERROR: BES Not Found Error: Failed to locate '/usr/share/hyrax/data/ncml/agg/catalog.xml' (BESUtil.cc:298), current memory usage is 7202152 KB.
1692993711,1557,error,ERROR: BES Not Found Error: Failed to locate '/usr/share/hyrax/data/csv/catalog.xml' (BESUtil.cc:298), current memory usage is 7202152 KB.
1692994463,1557,error,ERROR: BES Not Found Error: Failed to locate '/usr/share/hyrax/data/dapreader/dap4/dmr-testsuite/catalog.xml' (BESUtil.cc:298), current memory usage is 7202152 KB.
1692994658,1557,error,ERROR: BES Not Found Error: Failed to locate '/usr/share/hyrax/data/csv/catalog.xml' (BESUtil.cc:298), current memory usage is 7202152 KB.
1692995071,1557,error,ERROR: BES Not Found Error: Failed to locate '/usr/share/hyrax/catalog.xml' (BESUtil.cc:298), current memory usage is 7202152 KB.
1692995134,1557,error,ERROR: BES Not Found Error: Failed to locate '/usr/share/hyrax/data/nc/catalog.xml' (BESUtil.cc:298), current memory usage is 7202152 KB.
1692995777,1557,error,ERROR: BES Not Found Error: Failed to locate '/usr/share/hyrax/data/nc/###4444#333 + #_QUALYS###/###8888#111 + #_QUALYS###/' (BESUtil.cc:298), current memory usage is 7202152 KB.
1692995778,1557,error,ERROR: BES Not Found Error: Failed to locate '/usr/share/hyrax/data/ncml/dmrpp/###4444#333 + #_QUALYS###/###8888#111 + #_QUALYS###/' (BESUtil.cc:298), current memory usage is 7202152 KB.
1692995779,1557,error,ERROR: BES Not Found Error: Failed to locate '/usr/share/hyrax/catalog.xml' (BESUtil.cc:298), current memory usage is 7202152 KB.
1692995782,1557,error,ERROR: BES Not Found Error: Failed to locate '/usr/share/hyrax/data/gdal/axis2-admin/login' (BESUtil.cc:298), current memory usage is 7202152 KB.
1692995783,1557,error,ERROR: BES Not Found Error: Failed to locate '/usr/share/hyrax/data/ncml/dmrpp/axis2-admin/login' (BESUtil.cc:298), current memory usage is 7202152 KB.
1692995809,1557,error,ERROR: BES Not Found Error: Failed to locate '/usr/share/hyrax/data/stare/admin/' (BESUtil.cc:298), current memory usage is 7202152 KB.
1692995810,1557,error,ERROR: BES Not Found Error: Failed to locate '/usr/share/hyrax/data/adm/' (BESUtil.cc:298), current memory usage is 7202152 KB.
1692995810,1557,error,ERROR: BES Not Found Error: Failed to locate '/usr/share/hyrax/data/ncml/dmrpp/admin/' (BESUtil.cc:298), current memory usage is 7202152 KB.
1692995811,1557,error,ERROR: BES Not Found Error: Failed to locate '/usr/share/hyrax/data/ugrids/adm/' (BESUtil.cc:298), current memory usage is 7202152 KB.
1692995812,1557,error,ERROR: BES Not Found Error: Failed to locate '/usr/share/hyrax/data/hdf4/adm/' (BESUtil.cc:298), current memory usage is 7202152 KB.
1692995813,1557,error,ERROR: BES Not Found Error: Failed to locate '/usr/share/hyrax/data/administration/' (BESUtil.cc:298), current memory usage is 7202152 KB.
1692995814,1557,error,ERROR: BES Not Found Error: Failed to locate '/usr/share/hyrax/data/csv/administration/' (BESUtil.cc:298), current memory usage is 7202152 KB.
1692995818,1557,error,ERROR: BES Not Found Error: Failed to locate '/usr/share/hyrax/admin.jsp' (BESUtil.cc:298), current memory usage is 7202152 KB.
1692995820,1557,error,ERROR: BES Not Found Error: Failed to locate '/usr/share/hyrax/data/ncml/admin.jsp' (BESUtil.cc:298), current memory usage is 7202152 KB.
1692995821,1557,error,ERROR: BES Not Found Error: Failed to locate '/usr/share/hyrax/data/ncml/dmrpp/admin.jsp' (BESUtil.cc:298), current memory usage is 7202152 KB.
1692995873,1557,error,ERROR: BES Not Found Error: Failed to locate '/usr/share/hyrax/data/ff/src/' (BESUtil.cc:298), current memory usage is 7202152 KB.
1692995877,1557,error,ERROR: BES Not Found Error: Failed to locate '/usr/share/hyrax/data/common/' (BESUtil.cc:298), current memory usage is 7202152 KB.
1692995878,1557,error,ERROR: BES Not Found Error: Failed to locate '/usr/share/hyrax/data/ncml/dmrpp/common/' (BESUtil.cc:298), current memory usage is 7202152 KB.
1692995880,1557,error,ERROR: BES Not Found Error: Failed to locate '/usr/share/hyrax/data/config/' (BESUtil.cc:298), current memory usage is 7202152 KB.
1692995881,1557,error,ERROR: BES Not Found Error: Failed to locate '/usr/share/hyrax/data/ncml/config/' (BESUtil.cc:298), current memory usage is 7202152 KB.
1692995883,1557,error,ERROR: BES Not Found Error: Failed to locate '/usr/share/hyrax/data/dapreader/dap4/D4-xml/config/' (BESUtil.cc:298), current memory usage is 7202152 KB.
1692995884,1557,error,ERROR: BES Not Found Error: Failed to locate '/usr/share/hyrax/data/dmrpp/css/' (BESUtil.cc:298), current memory usage is 7202152 KB.
1692995887,1557,error,ERROR: BES Not Found Error: Failed to locate '/usr/share/hyrax/data/dapreader/dap4/css/' (BESUtil.cc:298), current memory usage is 7202152 KB.
1692995890,1557,error,ERROR: BES Not Found Error: Failed to locate '/usr/share/hyrax/docs/' (BESUtil.cc:298), current memory usage is 7202152 KB.
1692995932,1557,error,ERROR: BES Not Found Error: Failed to locate '/usr/share/hyrax/data/ff/docs/' (BESUtil.cc:298), current memory usage is 7202152 KB.
1692995933,1557,error,ERROR: BES Not Found Error: Failed to locate '/usr/share/hyrax/data/ncml/dmrpp/docs/' (BESUtil.cc:298), current memory usage is 7202152 KB.
1692995935,1557,error,ERROR: BES Not Found Error: Failed to locate '/usr/share/hyrax/data/nc/external/' (BESUtil.cc:298), current memory usage is 7202152 KB.
1692995935,1557,error,ERROR: BES Not Found Error: Failed to locate '/usr/share/hyrax/data/stare/external/' (BESUtil.cc:298), current memory usage is 7202152 KB.
1692995937,1557,error,ERROR: BES Not Found Error: Failed to locate '/usr/share/hyrax/data/ncml/agg/external/' (BESUtil.cc:298), current memory usage is 7202152 KB.
1692995938,1557,error,ERROR: BES Not Found Error: Failed to locate '/usr/share/hyrax/data/history/' (BESUtil.cc:298), current memory usage is 7202152 KB.
1692995939,1557,error,ERROR: BES Not Found Error: Failed to locate '/usr/share/hyrax/data/ff/history/' (BESUtil.cc:298), current memory usage is 7202152 KB.
1692995940,1557,error,ERROR: BES Not Found Error: Failed to locate '/usr/share/hyrax/data/dapreader/dap4/history/' (BESUtil.cc:298), current memory usage is 7202152 KB.
1692995942,1557,error,ERROR: BES Not Found Error: Failed to locate '/usr/share/hyrax/data/csv/include/' (BESUtil.cc:298), current memory usage is 7202152 KB.
1692995944,1557,error,ERROR: BES Not Found Error: Failed to locate '/usr/share/hyrax/data/ncml/agg/include/' (BESUtil.cc:298), current memory usage is 7202152 KB.
1692995945,1557,error,ERROR: BES Not Found Error: Failed to locate '/usr/share/hyrax/data/includes/' (BESUtil.cc:298), current memory usage is 7202152 KB.
1692995948,1557,error,ERROR: BES Not Found Error: Failed to locate '/usr/share/hyrax/data/hdf5/includes/' (BESUtil.cc:298), current memory usage is 7202152 KB.
1692995950,1557,error,ERROR: BES Not Found Error: Failed to locate '/usr/share/hyrax/data/gdal/js/' (BESUtil.cc:298), current memory usage is 7202152 KB.
1692995952,1557,error,ERROR: BES Not Found Error: Failed to locate '/usr/share/hyrax/data/dapreader/js/' (BESUtil.cc:298), current memory usage is 7202152 KB.
1692995954,1557,error,ERROR: BES Not Found Error: Failed to locate '/usr/share/hyrax/data/ncml/agg/dated/js/' (BESUtil.cc:298), current memory usage is 7202152 KB.
1692995993,1557,error,ERROR: BES Not Found Error: Failed to locate '/usr/share/hyrax/data/ncml/lib/' (BESUtil.cc:298), current memory usage is 7202152 KB.
1692995994,1557,error,ERROR: BES Not Found Error: Failed to locate '/usr/share/hyrax/data/ncml/agg/lib/' (BESUtil.cc:298), current memory usage is 7202152 KB.
1692995999,1557,error,ERROR: BES Not Found Error: Failed to locate '/usr/share/hyrax/data/nc/test.jsp' (BESUtil.cc:298), current memory usage is 7202152 KB.
1692996001,1557,error,ERROR: BES Not Found Error: Failed to locate '/usr/share/hyrax/data/dapreader/test.jsp' (BESUtil.cc:298), current memory usage is 7202152 KB.
1692996007,1557,error,ERROR: BES Not Found Error: Failed to locate '/usr/share/hyrax/bin/' (BESUtil.cc:298), current memory usage is 7202152 KB.
1692996008,1557,error,ERROR: BES Not Found Error: Failed to locate '/usr/share/hyrax/data/dmrpp/bin/' (BESUtil.cc:298), current memory usage is 7202152 KB.
1692996009,1557,error,ERROR: BES Not Found Error: Failed to locate '/usr/share/hyrax/data/dapreader/bin/' (BESUtil.cc:298), current memory usage is 7202152 KB.
1692996117,1557,error,ERROR: BES Not Found Error: Failed to locate '/usr/share/hyrax/500page.jsp' (BESUtil.cc:298), current memory usage is 7202152 KB.
1693010064,1557,error,ERROR: BES Not Found Error: Failed to locate '/usr/share/hyrax/ngap/collections/C1238392622-EEDTEST/granules/f16_ssmis_20210425v7.nc' (BESUtil.cc:298), current memory usage is 7202152 KB.
1693010179,1557,error,ERROR: BES Not Found Error: Failed to locate '/usr/share/hyrax/ngap/collections/C1245662776-EEDTEST/granules/M2T1NXSLV.5.12.4:MERRA2_400.tavg1_2d_slv_Nx.20210609.nc4.dap' (BESUtil.cc:298), current memory usage is 7202152 KB.
1693010613,1557,error,ERROR: BES Not Found Error: Failed to locate '/usr/share/hyrax/ngap/collections/C1245618475-EEDTEST/granules/GPM_3IMERGHH.06:3B-HHR.MS.MRG.3IMERG.20200101-S000000-E002959.0000.V06B.HDF5.dap.nc4' (BESUtil.cc:298), current memory usage is 7202152 KB.
1693010641,1557,error,ERROR: BES Not Found Error: Failed to locate '/usr/share/hyrax/ngap/collections/C1245618475-EEDTEST/granules/GPM_3IMERGHH.06:3B-HHR.MS.MRG.3IMERG.20200118-S190000-E192959.1140.V06B.HDF5.dap.nc4' (BESUtil.cc:298), current memory usage is 7202152 KB.
1693010662,1557,error,ERROR: BES Not Found Error: Failed to locate '/usr/share/hyrax/ngap/collections/C1245804308-EEDTEST/granules/NorthSlope_NEE_TVPRM.TVPRM_IVO_BES_ABoVE-LC_NARR_GOSIF_2008.nc4' (BESUtil.cc:298), current memory usage is 7202152 KB.
1693227313,1557,error,ERROR: BES Not Found Error: Failed to locate '/usr/share/hyrax/ngap/collections/C1238392622-EEDTEST/granules/f16_ssmis_20210425v7.nc.dap.nc4' (BESUtil.cc:298), current memory usage is 7202152 KB.
1693227465,1557,error,ERROR: BES Not Found Error: Failed to locate '/usr/share/hyrax/ngap/collections/C1245618475-EEDTEST/granules/GPM_3IMERGHH.06:3B-HHR.MS.MRG.3IMERG.20200101-S000000-E002959.0000.V06B.HDF5' (BESUtil.cc:298), current memory usage is 7202152 KB.
1693227517,1557,error,ERROR: BES Not Found Error: Failed to locate '/usr/share/hyrax/ngap/collections/C1245804308-EEDTEST/granules/NorthSlope_NEE_TVPRM.TVPRM_IVO_BES_ABoVE-LC_NARR_GOSIF_2008.nc4.dap.nc4' (BESUtil.cc:298), current memory usage is 7202152 KB.
